{"Goldey-Beacom CollegeThis college has been claimed by the college or a college representative.": {"niche_report_card": {"Academics": "B-", "Value": "B+", "Diversity": "B+", "Campus": "C", "Athletics": "B-", "Party Scene": "C", "Professors": "C", "Location": "B", "Dorms": "B-", "Campus Food": "NG", "Student Life": "C+", "Safety": "A-"}, "after_college": {"median_earning_6_years": "$44,500", "graduation_rate": "37%", "employment_rate": "92%"}, "students": {"full_time": "667", "part_time": "110", "over_25": "9%", "pell_grant": "50%", "varsity_athletes": "24%"}, "popular_majors": ["Business", "Accounting", "Finance", "Marketing", "Criminal Justice and Corrections", "Information Science", "Psychology", "Healthcare Management", "English", "Economics"], "cost": {"net_price": "$15,807", "average_aid": "$20,617", "percentage_aid": "100%"}, "admissions": {"statistics": {"acceptance_rate": "52%", "early_decision_acceptance_rate": "", "total_applicants": "819", "sat_range": "", "sat_reading": "", "sat_math": "", "sat_submission_percentage": "", "act_range": "", "act_english": "", "act_math": "", "act_writing": "", "act_submission_percentage": ""}, "deadlines": {"application_deadline": "Rolling Admissions", "early_decision_deadline": "", "early_action_deadline": "", "offers_early_decision": "", "offers_early_action": "", "application_fee": "$0", "application_website": "campusweb.gbc.edu/ics/admissions/admissions_homepage.jnz?portlet=apply_online_2.0", "accepts_common_app": "", "accepts_coalition_app": "No"}, "requirements": {"gpa": "Required", "rank": "Recommended", "transcript": "Required", "college_prep_coures": "Recommended", "sat/act": "Recommended", "recommendations": "Neither required nor recommended"}}}, "SUNY Empire State College": {"niche_report_card": {"Academics": "C+", "Value": "B", "Diversity": "B+", "Campus": "B-", "Athletics": "NG", "Party Scene": "C+", "Professors": "C+", "Location": "B+", "Dorms": "NG", "Campus Food": "NG", "Student Life": "B", "Safety": "A"}, "after_college": {"median_earning_6_years": "$41,400", "graduation_rate": "14%", "employment_rate": "84%"}, "students": {"full_time": "3,772", "part_time": "6,038", "over_25": "77%", "pell_grant": "80%", "varsity_athletes": ""}, "popular_majors": ["Business", "Community Organization and Advocacy", "Psychology", "Physical Sciences", "Nursing", "Liberal Arts and Humanities", "English", "Education", "Arts", "Public Policy Analysis"], "cost": {"net_price": "$13,381", "average_aid": "$6,689", "percentage_aid": "91%"}, "admissions": {"statistics": {"acceptance_rate": "100%", "early_decision_acceptance_rate": "", "total_applicants": "1,308", "sat_range": "", "sat_reading": "", "sat_math": "", "sat_submission_percentage": "", "act_range": "", "act_english": "", "act_math": "", "act_writing": "", "act_submission_percentage": ""}, "deadlines": {"application_deadline": "", "early_decision_deadline": "", "early_action_deadline": "", "offers_early_decision": "", "offers_early_action": "", "application_fee": "$0", "application_website": "apply.esc.edu/ellucian.erecruiting.web.external/pages/welcome.aspx", "accepts_common_app": "", "accepts_coalition_app": "No"}, "requirements": {"gpa": "Neither required nor recommended", "rank": "Neither required nor recommended", "transcript": "Required", "college_prep_coures": "Neither required nor recommended", "sat/act": "Neither required nor recommended", "recommendations": "Neither required nor recommended"}}}, "University of South Carolina - Beaufort": {"niche_report_card": {"Academics": "B-", "Value": "B-", "Diversity": "A", "Campus": "B-", "Athletics": "C+", "Party Scene": "B-", "Professors": "B", "Location": "C+", "Dorms": "A", "Campus Food": "B-", "Student Life": "C+", "Safety": "B+"}, "after_college": {"median_earning_6_years": "$36,800", "graduation_rate": "27%", "employment_rate": "92%"}, "students": {"full_time": "1,797", "part_time": "280", "over_25": "12%", "pell_grant": "47%", "varsity_athletes": "11%"}, "popular_majors": ["Business", "Hospitality and Tourism Management", "Psychology", "Social Science Research Methods", "Nursing", "Biology", "Communications", "Computational and Applied Mathematics", "Public Health Education", "English"], "cost": {"net_price": "$16,266", "average_aid": "$6,462", "percentage_aid": "94%"}, "admissions": {"statistics": {"acceptance_rate": "64%", "early_decision_acceptance_rate": "", "total_applicants": "2,211", "sat_range": "930-1090", "sat_reading": "480-560", "sat_math": "450-530", "sat_submission_percentage": "62%", "act_range": "17-22", "act_english": "16-22", "act_math": "16-21", "act_writing": "", "act_submission_percentage": "58%"}, "deadlines": {"application_deadline": "", "early_decision_deadline": "", "early_action_deadline": "", "offers_early_decision": "", "offers_early_action": "", "application_fee": "$40", "application_website": "ssb.onecarolina.sc.edu/banp/bwskalog.p_disploginnon", "accepts_common_app": "", "accepts_coalition_app": "No"}, "requirements": {"gpa": "Required", "rank": "Neither required nor recommended", "transcript": "Required", "college_prep_coures": "Required", "sat/act": "Required", "recommendations": "Neither required nor recommended"}}}, "Wright State University - Lake Campus": {"niche_report_card": {"Academics": "C+", "Value": "B+", "Diversity": "B-", "Campus": "NG", "Athletics": "D", "Party Scene": "NG", "Professors": "NG", "Location": "C+", "Dorms": "NG", "Campus Food": "NG", "Student Life": "B", "Safety": "A+"}, "after_college": {"median_earning_6_years": "$39,500", "graduation_rate": "42%", "employment_rate": "93%"}, "students": {"full_time": "699", "part_time": "338", "over_25": "8%", "pell_grant": "36%", "varsity_athletes": "8%"}, "popular_majors": ["Business", "Mechanical Engineering", "Engineering Technician", "Early Childhood Education", "Management Sciences and Information Systems", "Graphic Design", "Middle School Education", "Criminology", "Liberal Arts and Humanities", "Biology"], "cost": {"net_price": "$9,155", "average_aid": "$4,185", "percentage_aid": "89%"}, "admissions": {"statistics": {"acceptance_rate": "99%", "early_decision_acceptance_rate": "", "total_applicants": "372", "sat_range": "930-1030", "sat_reading": "480-530", "sat_math": "450-500", "sat_submission_percentage": "5%", "act_range": "18-23", "act_english": "16-22", "act_math": "18-25", "act_writing": "6-8", "act_submission_percentage": "88%"}, "deadlines": {"application_deadline": "", "early_decision_deadline": "", "early_action_deadline": "", "offers_early_decision": "", "offers_early_action": "", "application_fee": "$30", "application_website": "lake.wright.edu/admissions/apply-online", "accepts_common_app": "", "accepts_coalition_app": "No"}, "requirements": {"gpa": "Required", "rank": "Recommended", "transcript": "Required", "college_prep_coures": "Required", "sat/act": "Required", "recommendations": "Neither required nor recommended"}}}, "Texas A&M University - Kingsville": {"niche_report_card": {"Academics": "B-", "Value": "B", "Diversity": "B+", "Campus": "C+", "Athletics": "B", "Party Scene": "B-", "Professors": "B+", "Location": "C+", "Dorms": "C", "Campus Food": "B", "Student Life": "C+", "Safety": "C+"}, "after_college": {"median_earning_6_years": "$42,600", "graduation_rate": "35%", "employment_rate": "92%"}, "students": {"full_time": "5,020", "part_time": "1,765", "over_25": "10%", "pell_grant": "55%", "varsity_athletes": "7%"}, "popular_majors": ["Liberal Arts and Humanities", "Kinesiology and Exercise Science", "Biomedical Sciences and Molecular Medicine", "Criminology", "Mechanical Engineering", "Communication Disorders", "Civil Engineering", "Chemical Engineering", "Psychology", "Manufacturing Engineering Technician"], "cost": {"net_price": "$13,017", "average_aid": "$7,976", "percentage_aid": "89%"}, "admissions": {"statistics": {"acceptance_rate": "84%", "early_decision_acceptance_rate": "", "total_applicants": "6,717", "sat_range": "940-1130", "sat_reading": "470-570", "sat_math": "470-560", "sat_submission_percentage": "45%", "act_range": "17-22", "act_english": "15-21", "act_math": "16-22", "act_writing": "", "act_submission_percentage": "55%"}, "deadlines": {"application_deadline": "", "early_decision_deadline": "", "early_action_deadline": "", "offers_early_decision": "", "offers_early_action": "", "application_fee": "$25", "application_website": "applytexas.org/adappc/gen/c_start.wbx", "accepts_common_app": "", "accepts_coalition_app": "No"}, "requirements": {"gpa": "Neither required nor recommended", "rank": "Recommended", "transcript": "Required", "college_prep_coures": "Recommended", "sat/act": "Required", "recommendations": "Neither required nor recommended"}}}, "Holy Cross College": {"niche_report_card": {"Academics": "C+", "Value": "B", "Diversity": "A", "Campus": "C", "Athletics": "C+", "Party Scene": "B-", "Professors": "B-", "Location": "B+", "Dorms": "B", "Campus Food": "C", "Student Life": "B-", "Safety": "A+"}, "after_college": {"median_earning_6_years": "$39,900", "graduation_rate": "40%", "employment_rate": "89%"}, "students": {"full_time": "526", "part_time": "31", "over_25": "7%", "pell_grant": "28%", "varsity_athletes": "20%"}, "popular_majors": ["Liberal Arts and Humanities", "Business", "Communications", "Psychology", "Theological and Ministerial Studies", "Studio Arts", "Elementary Education", "English", "History"], "cost": {"net_price": "$20,713", "average_aid": "$21,034", "percentage_aid": "85%"}, "admissions": {"statistics": {"acceptance_rate": "74%", "early_decision_acceptance_rate": "", "total_applicants": "1,815", "sat_range": "1010-1340", "sat_reading": "510-680", "sat_math": "500-660", "sat_submission_percentage": "54%", "act_range": "22-30", "act_english": "21-32", "act_math": "19-29", "act_writing": "", "act_submission_percentage": "52%"}, "deadlines": {"application_deadline": "", "early_decision_deadline": "", "early_action_deadline": "", "offers_early_decision": "", "offers_early_action": "", "application_fee": "$0", "application_website": "goholycrossnd.org/apply", "accepts_common_app": "", "accepts_coalition_app": "No"}, "requirements": {"gpa": "Required", "rank": "Recommended", "transcript": "Required", "college_prep_coures": "Recommended", "sat/act": "Required", "recommendations": "Recommended"}}}, "Brazosport College": {"niche_report_card": {"Academics": "C+", "Value": "B-", "Diversity": "B", "Campus": "A", "Athletics": "NG", "Party Scene": "NG", "Professors": "C+", "Location": "B", "Dorms": "NG", "Campus Food": "NG", "Student Life": "A", "Safety": "A-"}, "after_college": {"median_earning_6_years": "$35,000", "graduation_rate": "21%", "employment_rate": "84%"}, "students": {"full_time": "837", "part_time": "3,408", "over_25": "24%", "pell_grant": "26%", "varsity_athletes": ""}, "popular_majors": ["Lab Technician", "Liberal Arts and Humanities", "Drafting and Design (CAD/CADD)", "Business", "Welding", "Machine and Metal Working", "Instrumentation Technician", "Construction Engineering Technician", "Occupational Safety and Health Technician", "Electrician"], "cost": {"net_price": "$5,304", "average_aid": "$4,145", "percentage_aid": "54%"}, "admissions": {"statistics": {"acceptance_rate": "100%", "early_decision_acceptance_rate": "", "total_applicants": "", "sat_range": "", "sat_reading": "", "sat_math": "", "sat_submission_percentage": "", "act_range": "", "act_english": "", "act_math": "", "act_writing": "", "act_submission_percentage": ""}, "deadlines": {"application_deadline": "", "early_decision_deadline": "", "early_action_deadline": "", "offers_early_decision": "", "offers_early_action": "", "application_fee": "$0", "application_website": "applytexas.org/adappc/gen/c_start.wbx", "accepts_common_app": "", "accepts_coalition_app": "No"}, "requirements": {"gpa": "\u2014", "rank": "\u2014", "transcript": "\u2014", "college_prep_coures": "\u2014", "sat/act": "\u2014", "recommendations": "\u2014"}}}, "Santa Fe College": {"niche_report_card": {"Academics": "C", "Value": "B-", "Diversity": "A", "Campus": "A", "Athletics": "C+", "Party Scene": "B+", "Professors": "C", "Location": "A-", "Dorms": "NG", "Campus Food": "NG", "Student Life": "A", "Safety": "A-"}, "after_college": {"median_earning_6_years": "$34,600", "graduation_rate": "50%", "employment_rate": "87%"}, "students": {"full_time": "6,246", "part_time": "8,342", "over_25": "16%", "pell_grant": "44%", "varsity_athletes": "2%"}, "popular_majors": ["Liberal Arts and Humanities", "Nursing", "Emergency Medical Technician (EMT Paramedic)", "Business", "Computer Programming", "Healthcare Management", "Network, Database, and System Administration", "Nursing Assistant", "Police and Criminal Science", "Computer Graphics"], "cost": {"net_price": "$8,001", "average_aid": "$4,755", "percentage_aid": "68%"}, "admissions": {"statistics": {"acceptance_rate": "100%", "early_decision_acceptance_rate": "", "total_applicants": "", "sat_range": "", "sat_reading": "", "sat_math": "", "sat_submission_percentage": "", "act_range": "", "act_english": "", "act_math": "", "act_writing": "", "act_submission_percentage": ""}, "deadlines": {"application_deadline": "", "early_decision_deadline": "", "early_action_deadline": "", "offers_early_decision": "", "offers_early_action": "", "application_fee": "$0", "application_website": "ss2.sfcollege.edu/esantafe?hptappid=sr1060e&hptexec=y&hptrecord=sr1060ui1", "accepts_common_app": "", "accepts_coalition_app": "No"}, "requirements": {"gpa": "\u2014", "rank": "\u2014", "transcript": "\u2014", "college_prep_coures": "\u2014", "sat/act": "\u2014", "recommendations": "\u2014"}}}, "Dillard University": {"niche_report_card": {"Academics": "B-", "Value": "B-", "Diversity": "B-", "Campus": "C+", "Athletics": "C+", "Party Scene": "A", "Professors": "B", "Location": "A-", "Dorms": "C", "Campus Food": "C+", "Student Life": "B-", "Safety": "C+"}, "after_college": {"median_earning_6_years": "$35,400", "graduation_rate": "40%", "employment_rate": "90%"}, "students": {"full_time": "1,200", "part_time": "90", "over_25": "7%", "pell_grant": "81%", "varsity_athletes": "6%"}, "popular_majors": ["Public Health", "Biology", "Nursing", "Psychology", "Communications", "Criminal Justice and Safety Studies", "Business", "Film and Video Studies", "Music History and Literature", "Social Work and Youth Services"], "cost": {"net_price": "$17,222", "average_aid": "$13,609", "percentage_aid": "100%"}, "admissions": {"statistics": {"acceptance_rate": "41%", "early_decision_acceptance_rate": "", "total_applicants": "6,445", "sat_range": "790-1030", "sat_reading": "320-540", "sat_math": "470-490", "sat_submission_percentage": "1%", "act_range": "18-21", "act_english": "17-23", "act_math": "16-20", "act_writing": "", "act_submission_percentage": "82%"}, "deadlines": {"application_deadline": "", "early_decision_deadline": "", "early_action_deadline": "", "offers_early_decision": "", "offers_early_action": "", "application_fee": "$36", "application_website": "", "accepts_common_app": "Yes", "accepts_coalition_app": "No"}, "requirements": {"gpa": "Required", "rank": "Recommended", "transcript": "Neither required nor recommended", "college_prep_coures": "Neither required nor recommended", "sat/act": "Required", "recommendations": "Recommended"}}}, "University of Pittsburgh - Johnstown": {"niche_report_card": {"Academics": "B-", "Value": "A-", "Diversity": "B+", "Campus": "C-", "Athletics": "B-", "Party Scene": "B-", "Professors": "B", "Location": "C", "Dorms": "B-", "Campus Food": "C", "Student Life": "C-", "Safety": "C+"}, "after_college": {"median_earning_6_years": "$53,900", "graduation_rate": "47%", "employment_rate": "94%"}, "students": {"full_time": "2,713", "part_time": "71", "over_25": "3%", "pell_grant": "30%", "varsity_athletes": "9%"}, "popular_majors": ["Business", "Mechanical Engineering Technician", "Biology", "Psychology", "Civil Engineering Technician", "Geography", "Rhetoric and Composition", "Computer Science", "Geology and Earth Science", "Accounting"], "cost": {"net_price": "$19,144", "average_aid": "$7,241", "percentage_aid": "94%"}, "admissions": {"statistics": {"acceptance_rate": "76%", "early_decision_acceptance_rate": "", "total_applicants": "3,914", "sat_range": "1020-1180", "sat_reading": "510-590", "sat_math": "510-590", "sat_submission_percentage": "94%", "act_range": "20-25", "act_english": "19-24", "act_math": "18-26", "act_writing": "6-8", "act_submission_percentage": "23%"}, "deadlines": {"application_deadline": "", "early_decision_deadline": "", "early_action_deadline": "", "offers_early_decision": "", "offers_early_action": "", "application_fee": "$45", "application_website": "app.applyyourself.com/?id=up-upj", "accepts_common_app": "", "accepts_coalition_app": "No"}, "requirements": {"gpa": "Required", "rank": "Required", "transcript": "Required", "college_prep_coures": "Recommended", "sat/act": "Required", "recommendations": "Recommended"}}}, "Fairmont State University": {"niche_report_card": {"Academics": "B", "Value": "C+", "Diversity": "B+", "Campus": "B+", "Athletics": "B", "Party Scene": "B", "Professors": "B-", "Location": "C", "Dorms": "B+", "Campus Food": "B+", "Student Life": "B", "Safety": "C+"}, "after_college": {"median_earning_6_years": "$33,000", "graduation_rate": "37%", "employment_rate": "87%"}, "students": {"full_time": "3,108", "part_time": "553", "over_25": "14%", "pell_grant": "49%", "varsity_athletes": "11%"}, "popular_majors": ["Nursing", "Criminal Justice and Safety Studies", "Business", "Liberal Arts and Humanities", "Education", "Psychology", "Kinesiology and Exercise Science", "Aerospace Engineering Technician", "Information Science", "International Relations"], "cost": {"net_price": "$8,821", "average_aid": "$7,045", "percentage_aid": "92%"}, "admissions": {"statistics": {"acceptance_rate": "71%", "early_decision_acceptance_rate": "", "total_applicants": "2,630", "sat_range": "940-1140", "sat_reading": "470-580", "sat_math": "470-560", "sat_submission_percentage": "15%", "act_range": "18-23", "act_english": "17-23", "act_math": "16-22", "act_writing": "", "act_submission_percentage": "85%"}, "deadlines": {"application_deadline": "", "early_decision_deadline": "", "early_action_deadline": "", "offers_early_decision": "", "offers_early_action": "", "application_fee": "$25", "application_website": "fairmontstate.edu/admit/applying-admission", "accepts_common_app": "", "accepts_coalition_app": "No"}, "requirements": {"gpa": "Required", "rank": "Neither required nor recommended", "transcript": "Required", "college_prep_coures": "Recommended", "sat/act": "Required", "recommendations": "Neither required nor recommended"}}}, "Charleston Southern UniversityThis college has been claimed by the college or a college representative.": {"niche_report_card": {"Academics": "B-", "Value": "B", "Diversity": "A-", "Campus": "C+", "Athletics": "B+", "Party Scene": "C", "Professors": "C+", "Location": "B", "Dorms": "C+", "Campus Food": "C+", "Student Life": "B-", "Safety": "A"}, "after_college": {"median_earning_6_years": "$36,900", "graduation_rate": "35%", "employment_rate": "92%"}, "students": {"full_time": "2,804", "part_time": "257", "over_25": "13%", "pell_grant": "44%", "varsity_athletes": "12%"}, "popular_majors": ["Nursing", "Kinesiology and Exercise Science", "Criminal Justice and Law Enforcement Administration", "Biology", "Psychology", "Business", "Graphic Design", "Physical Education Teaching and Coaching", "Communications", "Elementary Education"], "cost": {"net_price": "$17,858", "average_aid": "$19,077", "percentage_aid": "99%"}, "admissions": {"statistics": {"acceptance_rate": "56%", "early_decision_acceptance_rate": "", "total_applicants": "4,125", "sat_range": "1010-1090", "sat_reading": "510-560", "sat_math": "500-530", "sat_submission_percentage": "64%", "act_range": "20-22", "act_english": "19-22", "act_math": "18-21", "act_writing": "", "act_submission_percentage": "73%"}, "deadlines": {"application_deadline": "Rolling Admissions", "early_decision_deadline": "", "early_action_deadline": "", "offers_early_decision": "", "offers_early_action": "", "application_fee": "$0", "application_website": "applyonline.csuniv.edu/undergraduateapplication.aspx", "accepts_common_app": "", "accepts_coalition_app": "No"}, "requirements": {"gpa": "Required", "rank": "Neither required nor recommended", "transcript": "Required", "college_prep_coures": "Recommended", "sat/act": "Required", "recommendations": "Neither required nor recommended"}}}, "Indiana State University": {"niche_report_card": {"Academics": "C+", "Value": "B", "Diversity": "A", "Campus": "B-", "Athletics": "B", "Party Scene": "A-", "Professors": "B", "Location": "B-", "Dorms": "B-", "Campus Food": "B", "Student Life": "B", "Safety": "C+"}, "after_college": {"median_earning_6_years": "$39,000", "graduation_rate": "39%", "employment_rate": "93%"}, "students": {"full_time": "9,369", "part_time": "2,214", "over_25": "9%", "pell_grant": "51%", "varsity_athletes": "4%"}, "popular_majors": ["Criminology", "Nursing", "Business", "Psychology", "Elementary Education", "Communications", "Kinesiology and Exercise Science", "Parks, Recreation and Leisure Studies", "Mechanical Engineering Technician", "Human Development"], "cost": {"net_price": "$11,443", "average_aid": "$9,297", "percentage_aid": "91%"}, "admissions": {"statistics": {"acceptance_rate": "85%", "early_decision_acceptance_rate": "", "total_applicants": "11,720", "sat_range": "900-1110", "sat_reading": "460-560", "sat_math": "440-550", "sat_submission_percentage": "72%", "act_range": "17-23", "act_english": "15-23", "act_math": "16-23", "act_writing": "6-8", "act_submission_percentage": "44%"}, "deadlines": {"application_deadline": "August 15", "early_decision_deadline": "", "early_action_deadline": "", "offers_early_decision": "No", "offers_early_action": "No", "application_fee": "$25", "application_website": "indstate.edu/admissions/apply.htm", "accepts_common_app": "", "accepts_coalition_app": "No"}, "requirements": {"gpa": "Required", "rank": "Recommended", "transcript": "Recommended", "college_prep_coures": "Recommended", "sat/act": "Required", "recommendations": "Recommended"}}}, "Ave Maria UniversityThis college has been claimed by the college or a college representative.": {"niche_report_card": {"Academics": "B", "Value": "B-", "Diversity": "A-", "Campus": "C", "Athletics": "B-", "Party Scene": "C-", "Professors": "C+", "Location": "D+", "Dorms": "B+", "Campus Food": "C", "Student Life": "C", "Safety": "A"}, "after_college": {"median_earning_6_years": "$32,800", "graduation_rate": "55%", "employment_rate": "77%"}, "students": {"full_time": "1,035", "part_time": "37", "over_25": "2%", "pell_grant": "27%", "varsity_athletes": "38%"}, "popular_majors": ["Business", "Psychology", "Theological and Ministerial Studies", "Political Science and Government", "Biology", "Health Service Preparatory Studies", "History", "Literature", "Accounting", "Economics"], "cost": {"net_price": "$19,783", "average_aid": "$13,452", "percentage_aid": "100%"}, "admissions": {"statistics": {"acceptance_rate": "42%", "early_decision_acceptance_rate": "", "total_applicants": "2,526", "sat_range": "980-1230", "sat_reading": "500-630", "sat_math": "480-600", "sat_submission_percentage": "63%", "act_range": "21-27", "act_english": "20-26", "act_math": "18-26", "act_writing": "", "act_submission_percentage": "60%"}, "deadlines": {"application_deadline": "Rolling Admissions", "early_decision_deadline": "", "early_action_deadline": "", "offers_early_decision": "", "offers_early_action": "", "application_fee": "$0", "application_website": "avemaria.edu/apply-now", "accepts_common_app": "Yes", "accepts_coalition_app": "No"}, "requirements": {"gpa": "Required", "rank": "Neither required nor recommended", "transcript": "Required", "college_prep_coures": "Recommended", "sat/act": "Required", "recommendations": "Recommended"}}}}