{
  "Vista College - OnlineThis college has been claimed by the college or a college representative.": {
    "niche_report_card": {
      "Professors": "C-",
      "Value": "C",
      "Diversity": "NG",
      "Safety": "NG",
      "Student Life": "NG",
      "Location": "NG"
    },
    "after_college": {
      "median_earning_6_years": "$24,100",
      "graduation_rate": "47%",
      "employment_rate": "79%"
    },
    "students": {
      "full_time": "565",
      "part_time": "0",
      "over_25": "83%",
      "pell_grant": "73%",
      "varsity_athletes": ""
    },
    "popular_majors": [
      "Medical Insurance Billing and Claims",
      "Office Management",
      "Medical Records Technician",
      "Criminal Justice and Law Enforcement Administration",
      "Business",
      "Paralegal",
      "Information Technology"
    ],
    "cost": {
      "net_price": "$22,939",
      "average_aid": "$5,370",
      "percentage_aid": "82%"
    },
    "admissions": {
      "statistics": {}
    }
  },
  "University of Pikeville": {
    "niche_report_card": {
      "Academics": "C",
      "Value": "C",
      "Diversity": "B",
      "Campus": "C-",
      "Athletics": "B",
      "Party Scene": "C",
      "Professors": "B-",
      "Location": "C-",
      "Dorms": "C-",
      "Campus Food": "C",
      "Student Life": "C-",
      "Safety": "B-"
    },
    "after_college": {
      "median_earning_6_years": "$31,100",
      "graduation_rate": "30%",
      "employment_rate": "86%"
    },
    "students": {
      "full_time": "1,049",
      "part_time": "511",
      "over_25": "8%",
      "pell_grant": "67%",
      "varsity_athletes": "45%"
    },
    "popular_majors": [
      "Business",
      "Nursing",
      "Biology",
      "Psychology",
      "Criminal Justice and Safety Studies",
      "Communications",
      "Social Work and Youth Services",
      "Elementary Education",
      "History",
      "Mathematics"
    ],
    "cost": {
      "net_price": "$18,297",
      "average_aid": "$18,301",
      "percentage_aid": "100%"
    },
    "admissions": {
      "statistics": {
        "acceptance_rate": "100%",
        "early_decision_acceptance_rate": "",
        "total_applicants": "2,299",
        "sat_range": "880-1060",
        "sat_reading": "440-520",
        "sat_math": "440-540",
        "sat_submission_percentage": "9%",
        "act_range": "18-23",
        "act_english": "16-23",
        "act_math": "17-24",
        "act_writing": "",
        "act_submission_percentage": "89%"
      },
      "deadlines": {
        "application_deadline": "",
        "early_decision_deadline": "",
        "early_action_deadline": "",
        "offers_early_decision": "",
        "offers_early_action": "",
        "application_fee": "$0",
        "application_website": "upike.edu/admissions/apply-to-upike",
        "accepts_common_app": "",
        "accepts_coalition_app": "No"
      },
      "requirements": {
        "gpa": "Required",
        "rank": "Neither required nor recommended",
        "transcript": "Required",
        "college_prep_coures": "Considered but not required",
        "sat/act": "Required",
        "recommendations": "Neither required nor recommended"
      }
    }
  },
  "Chowan UniversityThis college has been claimed by the college or a college representative.": {
    "niche_report_card": {
      "Academics": "C",
      "Value": "C",
      "Diversity": "A-",
      "Campus": "D+",
      "Athletics": "B",
      "Party Scene": "C+",
      "Professors": "B",
      "Location": "D+",
      "Dorms": "C",
      "Campus Food": "C+",
      "Student Life": "C-",
      "Safety": "C-"
    },
    "after_college": {
      "median_earning_6_years": "$34,300",
      "graduation_rate": "26%",
      "employment_rate": "91%"
    },
    "students": {
      "full_time": "1,440",
      "part_time": "58",
      "over_25": "2%",
      "pell_grant": "81%",
      "varsity_athletes": "27%"
    },
    "popular_majors": [
      "Liberal Arts and Humanities",
      "Criminal Justice and Safety Studies",
      "Psychology",
      "Business",
      "Sport and Fitness Management",
      "Social Science Research Methods",
      "Biology",
      "English",
      "Kinesiology and Exercise Science",
      "Elementary Education"
    ],
    "cost": {
      "net_price": "$17,424",
      "average_aid": "$17,253",
      "percentage_aid": "100%"
    },
    "admissions": {
      "statistics": {
        "acceptance_rate": "60%",
        "early_decision_acceptance_rate": "",
        "total_applicants": "4,379",
        "sat_range": "780- 960",
        "sat_reading": "390-480",
        "sat_math": "390-480",
        "sat_submission_percentage": "71%",
        "act_range": "14-17",
        "act_english": "11-16",
        "act_math": "15-17",
        "act_writing": "",
        "act_submission_percentage": "44%"
      },
      "deadlines": {
        "application_deadline": "Rolling Admissions",
        "early_decision_deadline": "",
        "early_action_deadline": "",
        "offers_early_decision": "",
        "offers_early_action": "",
        "application_fee": "$20",
        "application_website": "chowan.edu/admissions/apply",
        "accepts_common_app": "",
        "accepts_coalition_app": "No"
      },
      "requirements": {
        "gpa": "Required",
        "rank": "Neither required nor recommended",
        "transcript": "Required",
        "college_prep_coures": "Recommended",
        "sat/act": "Required",
        "recommendations": "Recommended"
      }
    }
  },
  "Concorde Career College - Kansas City": {
    "niche_report_card": {
      "Academics": "C",
      "Value": "C",
      "Diversity": "B-",
      "Campus": "NG",
      "Athletics": "NG",
      "Party Scene": "NG",
      "Professors": "C-",
      "Location": "B",
      "Dorms": "NG",
      "Campus Food": "NG",
      "Student Life": "B-",
      "Safety": "C+"
    },
    "after_college": {
      "median_earning_6_years": "$26,300",
      "graduation_rate": "64%",
      "employment_rate": "86%"
    },
    "students": {
      "full_time": "516",
      "part_time": "0",
      "over_25": "48%",
      "pell_grant": "68%",
      "varsity_athletes": ""
    },
    "popular_majors": [
      "Medical Assistant",
      "Dental Assisting",
      "Nursing Assistant",
      "Medical Office Assistant",
      "Dental Hygiene",
      "Respiratory Care Therapy",
      "Physical Therapy Technician",
      "Surgical Technologist",
      "Pharmacy Technician",
      "Healthcare Management"
    ],
    "cost": {
      "net_price": "$23,892",
      "average_aid": "$3,727",
      "percentage_aid": "84%"
    },
    "admissions": {
      "statistics": {
        "acceptance_rate": "85%",
        "early_decision_acceptance_rate": "",
        "total_applicants": "383",
        "sat_range": "",
        "sat_reading": "",
        "sat_math": "",
        "sat_submission_percentage": "",
        "act_range": "",
        "act_english": "",
        "act_math": "",
        "act_writing": "",
        "act_submission_percentage": ""
      },
      "deadlines": {
        "application_deadline": "",
        "early_decision_deadline": "",
        "early_action_deadline": "",
        "offers_early_decision": "",
        "offers_early_action": "",
        "application_fee": "$0",
        "application_website": "concorde.edu",
        "accepts_common_app": "",
        "accepts_coalition_app": "No"
      },
      "requirements": {
        "gpa": "Neither required nor recommended",
        "rank": "Neither required nor recommended",
        "transcript": "Required",
        "college_prep_coures": "Neither required nor recommended",
        "sat/act": "Neither required nor recommended",
        "recommendations": "Recommended"
      }
    }
  },
  "Rust College": {
    "niche_report_card": {
      "Academics": "C",
      "Value": "C",
      "Diversity": "C+",
      "Campus": "C-",
      "Athletics": "C+",
      "Party Scene": "B+",
      "Professors": "C+",
      "Location": "C-",
      "Dorms": "C-",
      "Campus Food": "C+",
      "Student Life": "C",
      "Safety": "B-"
    },
    "after_college": {
      "median_earning_6_years": "$24,100",
      "graduation_rate": "39%",
      "employment_rate": "89%"
    },
    "students": {
      "full_time": "792",
      "part_time": "68",
      "over_25": "8%",
      "pell_grant": "86%",
      "varsity_athletes": "10%"
    },
    "popular_majors": [
      "Biology",
      "Kindergarten and Preschool Education",
      "Broadcast Journalism",
      "Business",
      "Social Work and Youth Services",
      "English",
      "Sociology",
      "Computer Science",
      "Political Science and Government",
      "Journalism"
    ],
    "cost": {
      "net_price": "$9,358",
      "average_aid": "$6,745",
      "percentage_aid": "95%"
    },
    "admissions": {
      "statistics": {
        "acceptance_rate": "43%",
        "early_decision_acceptance_rate": "",
        "total_applicants": "5,414",
        "sat_range": "630-800",
        "sat_reading": "",
        "sat_math": "",
        "sat_submission_percentage": "0%",
        "act_range": "13-17",
        "act_english": "11-16",
        "act_math": "15-16",
        "act_writing": "",
        "act_submission_percentage": "68%"
      },
      "deadlines": {
        "application_deadline": "",
        "early_decision_deadline": "",
        "early_action_deadline": "",
        "offers_early_decision": "",
        "offers_early_action": "",
        "application_fee": "$10",
        "application_website": "rustcollege.typeform.com/to/gy7v5q",
        "accepts_common_app": "",
        "accepts_coalition_app": "No"
      },
      "requirements": {
        "gpa": "Required",
        "rank": "Considered but not required",
        "transcript": "Required",
        "college_prep_coures": "Considered but not required",
        "sat/act": "Recommended",
        "recommendations": "Required"
      }
    }
  },
  "Lane College": {
    "niche_report_card": {
      "Academics": "C",
      "Value": "C",
      "Diversity": "B-",
      "Campus": "D+",
      "Athletics": "B-",
      "Party Scene": "B-",
      "Professors": "B-",
      "Location": "C+",
      "Dorms": "C",
      "Campus Food": "B-",
      "Student Life": "C-",
      "Safety": "C+"
    },
    "after_college": {
      "median_earning_6_years": "$25,400",
      "graduation_rate": "21%",
      "employment_rate": "91%"
    },
    "students": {
      "full_time": "1,370",
      "part_time": "50",
      "over_25": "7%",
      "pell_grant": "89%",
      "varsity_athletes": "14%"
    },
    "popular_majors": [
      "Business",
      "Biology",
      "Criminal Justice and Safety Studies",
      "Communications",
      "Physical Education Teaching and Coaching",
      "Sociology",
      "Liberal Arts and Humanities",
      "Chemistry",
      "Computer Science",
      "History"
    ],
    "cost": {
      "net_price": "$12,460",
      "average_aid": "$8,209",
      "percentage_aid": "97%"
    },
    "admissions": {
      "statistics": {
        "acceptance_rate": "48%",
        "early_decision_acceptance_rate": "",
        "total_applicants": "6,097",
        "sat_range": "646-776",
        "sat_reading": "323-378",
        "sat_math": "323-398",
        "sat_submission_percentage": "0%",
        "act_range": "14-17",
        "act_english": "11-16",
        "act_math": "15-16",
        "act_writing": "",
        "act_submission_percentage": "100%"
      },
      "deadlines": {
        "application_deadline": "",
        "early_decision_deadline": "",
        "early_action_deadline": "",
        "offers_early_decision": "",
        "offers_early_action": "",
        "application_fee": "$0",
        "application_website": "lanecollege.edu/lanepage2.asp?id=040003002",
        "accepts_common_app": "",
        "accepts_coalition_app": "No"
      },
      "requirements": {
        "gpa": "Recommended",
        "rank": "Recommended",
        "transcript": "Required",
        "college_prep_coures": "Recommended",
        "sat/act": "Considered but not required",
        "recommendations": "Recommended"
      }
    }
  },
  "Salem International University": {
    "niche_report_card": {
      "Academics": "C",
      "Value": "C-",
      "Diversity": "A",
      "Campus": "C",
      "Athletics": "B-",
      "Party Scene": "NG",
      "Professors": "C+",
      "Location": "C-",
      "Dorms": "NG",
      "Campus Food": "C+",
      "Student Life": "C+",
      "Safety": "B-"
    },
    "after_college": {
      "median_earning_6_years": "$28,900",
      "graduation_rate": "22%",
      "employment_rate": "82%"
    },
    "students": {
      "full_time": "892",
      "part_time": "0",
      "over_25": "47%",
      "pell_grant": "71%",
      "varsity_athletes": "29%"
    },
    "popular_majors": [
      "Business",
      "Criminal Justice and Safety Studies",
      "Information Technology",
      "Nursing",
      "Information Science",
      "Biology",
      "Licensed Practical Nurse Training (LPN)",
      "Education"
    ],
    "cost": {
      "net_price": "$19,540",
      "average_aid": "$6,508",
      "percentage_aid": "95%"
    },
    "admissions": {
      "statistics": {
        "acceptance_rate": "100%",
        "early_decision_acceptance_rate": "",
        "total_applicants": "",
        "sat_range": "",
        "sat_reading": "",
        "sat_math": "",
        "sat_submission_percentage": "",
        "act_range": "",
        "act_english": "",
        "act_math": "",
        "act_writing": "",
        "act_submission_percentage": ""
      },
      "deadlines": {
        "application_deadline": "",
        "early_decision_deadline": "",
        "early_action_deadline": "",
        "offers_early_decision": "",
        "offers_early_action": "",
        "application_fee": "$20",
        "application_website": "salemu.edu/admissions",
        "accepts_common_app": "",
        "accepts_coalition_app": "No"
      },
      "requirements": {
        "gpa": "—",
        "rank": "—",
        "transcript": "—",
        "college_prep_coures": "—",
        "sat/act": "—",
        "recommendations": "—"
      }
    }
  },
  "The Art Institute of Austin": {
    "niche_report_card": {
      "Academics": "C-",
      "Value": "C",
      "Diversity": "B+",
      "Campus": "C-",
      "Athletics": "NG",
      "Party Scene": "NG",
      "Professors": "C",
      "Location": "B-",
      "Dorms": "NG",
      "Campus Food": "NG",
      "Student Life": "B-",
      "Safety": "A+"
    },
    "after_college": {
      "median_earning_6_years": "$34,100",
      "graduation_rate": "20%",
      "employment_rate": "87%"
    },
    "students": {
      "full_time": "479",
      "part_time": "159",
      "over_25": "38%",
      "pell_grant": "59%",
      "varsity_athletes": ""
    },
    "popular_majors": [
      "Recording Arts Technician",
      "Game Design and Interactive Media",
      "Cinematography and Video Production",
      "Multimedia",
      "Web Page and Digital Design",
      "Graphic Design",
      "Fashion and Apparel Merchandising",
      "Restaurant and Food Services Management",
      "Commercial Photography",
      "Culinary Arts and Food Service"
    ],
    "cost": {
      "net_price": "$23,804",
      "average_aid": "$5,930",
      "percentage_aid": "99%"
    },
    "admissions": {
      "statistics": {
        "acceptance_rate": "100%",
        "early_decision_acceptance_rate": "",
        "total_applicants": "248",
        "sat_range": "",
        "sat_reading": "",
        "sat_math": "",
        "sat_submission_percentage": "",
        "act_range": "",
        "act_english": "",
        "act_math": "",
        "act_writing": "",
        "act_submission_percentage": ""
      },
      "deadlines": {
        "application_deadline": "",
        "early_decision_deadline": "",
        "early_action_deadline": "",
        "offers_early_decision": "",
        "offers_early_action": "",
        "application_fee": "$0",
        "application_website": "artinstitutes.edu/request-information?source=webap",
        "accepts_common_app": "",
        "accepts_coalition_app": "No"
      },
      "requirements": {
        "gpa": "Required",
        "rank": "Neither required nor recommended",
        "transcript": "Required",
        "college_prep_coures": "Neither required nor recommended",
        "sat/act": "Neither required nor recommended",
        "recommendations": "Neither required nor recommended"
      }
    }
  },
  "Columbia Southern University": {
    "niche_report_card": {
      "Professors": "C-",
      "Value": "B",
      "Diversity": "NG",
      "Safety": "NG",
      "Student Life": "NG",
      "Location": "NG"
    },
    "after_college": {
      "median_earning_6_years": "",
      "graduation_rate": "31%",
      "employment_rate": "92%"
    },
    "students": {
      "full_time": "8,567",
      "part_time": "6,483",
      "over_25": "91%",
      "pell_grant": "58%",
      "varsity_athletes": ""
    },
    "popular_majors": [
      "Business",
      "Occupational Safety and Health Technician",
      "Fire Science and Fire Fighting",
      "Police and Criminal Science",
      "Fire Protection and Prevention",
      "Liberal Arts and Humanities",
      "Healthcare Management",
      "Human Resources",
      "Information Technology",
      "Environmental Science"
    ],
    "cost": {
      "net_price": "$11,061",
      "average_aid": "$3,265",
      "percentage_aid": "88%"
    },
    "admissions": {
      "statistics": {}
    }
  },
  "Northern Vermont University - Johnson Campus": {
    "niche_report_card": {
      "Academics": "C",
      "Value": "B-",
      "Diversity": "B",
      "Campus": "D",
      "Athletics": "C",
      "Party Scene": "C-",
      "Professors": "C+",
      "Location": "D+",
      "Dorms": "C",
      "Campus Food": "C",
      "Student Life": "D",
      "Safety": "C"
    },
    "after_college": {
      "median_earning_6_years": "$33,200",
      "graduation_rate": "38%",
      "employment_rate": "92%"
    },
    "students": {
      "full_time": "882",
      "part_time": "497",
      "over_25": "13%",
      "pell_grant": "52%",
      "varsity_athletes": "15%"
    },
    "popular_majors": [
      "Liberal Arts and Humanities",
      "Psychology",
      "Business",
      "Elementary Education",
      "Alternative Medicine and Holistic Health",
      "Parks, Recreation and Leisure Studies",
      "Studio Arts",
      "Environmental Science",
      "Hospitality and Tourism Management",
      "Music History and Literature"
    ],
    "cost": {
      "net_price": "$15,071",
      "average_aid": "$9,159",
      "percentage_aid": "99%"
    },
    "admissions": {
      "statistics": {
        "acceptance_rate": "87%",
        "early_decision_acceptance_rate": "",
        "total_applicants": "1,050",
        "sat_range": "870-1100",
        "sat_reading": "450-560",
        "sat_math": "420-540",
        "sat_submission_percentage": "20%",
        "act_range": "20-25",
        "act_english": "19-25",
        "act_math": "18-25",
        "act_writing": "6-8",
        "act_submission_percentage": "7%"
      },
      "deadlines": {
        "application_deadline": "",
        "early_decision_deadline": "",
        "early_action_deadline": "",
        "offers_early_decision": "",
        "offers_early_action": "",
        "application_fee": "$51",
        "application_website": "northernvermont.edu/admissions-and-aid/applying-nvu/how-apply",
        "accepts_common_app": "Yes",
        "accepts_coalition_app": "No"
      },
      "requirements": {
        "gpa": "Recommended",
        "rank": "Neither required nor recommended",
        "transcript": "Recommended",
        "college_prep_coures": "Recommended",
        "sat/act": "Considered but not required",
        "recommendations": "Required"
      }
    }
  },
  "New England College": {
    "niche_report_card": {
      "Academics": "C-",
      "Value": "C+",
      "Diversity": "A",
      "Campus": "D+",
      "Athletics": "B-",
      "Party Scene": "C+",
      "Professors": "C",
      "Location": "C-",
      "Dorms": "C-",
      "Campus Food": "C-",
      "Student Life": "C-",
      "Safety": "C+"
    },
    "after_college": {
      "median_earning_6_years": "$37,900",
      "graduation_rate": "42%",
      "employment_rate": "93%"
    },
    "students": {
      "full_time": "1,811",
      "part_time": "33",
      "over_25": "39%",
      "pell_grant": "55%",
      "varsity_athletes": "19%"
    },
    "popular_majors": [
      "Business",
      "Healthcare Management",
      "Police and Criminal Science",
      "Accounting",
      "Psychology",
      "Kinesiology and Exercise Science",
      "Parks, Recreation and Leisure Studies",
      "Biomedical Sciences and Molecular Medicine",
      "Environmental Science",
      "Liberal Arts and Humanities"
    ],
    "cost": {
      "net_price": "$27,465",
      "average_aid": "$22,744",
      "percentage_aid": "95%"
    },
    "admissions": {
      "statistics": {
        "acceptance_rate": "100%",
        "early_decision_acceptance_rate": "",
        "total_applicants": "9,214",
        "sat_range": "",
        "sat_reading": "",
        "sat_math": "",
        "sat_submission_percentage": "",
        "act_range": "",
        "act_english": "",
        "act_math": "",
        "act_writing": "",
        "act_submission_percentage": ""
      },
      "deadlines": {
        "application_deadline": "",
        "early_decision_deadline": "",
        "early_action_deadline": "",
        "offers_early_decision": "",
        "offers_early_action": "",
        "application_fee": "$0",
        "application_website": "necadmissions.org/freshman/splitter.htm",
        "accepts_common_app": "Yes",
        "accepts_coalition_app": "No"
      },
      "requirements": {
        "gpa": "Recommended",
        "rank": "Neither required nor recommended",
        "transcript": "Required",
        "college_prep_coures": "Recommended",
        "sat/act": "Neither required nor recommended",
        "recommendations": "Required"
      }
    }
  },
  "Virginia Union University": {
    "niche_report_card": {
      "Academics": "C",
      "Value": "C+",
      "Diversity": "B-",
      "Campus": "D-",
      "Athletics": "B",
      "Party Scene": "B+",
      "Professors": "C+",
      "Location": "B",
      "Dorms": "D-",
      "Campus Food": "C-",
      "Student Life": "C-",
      "Safety": "B-"
    },
    "after_college": {
      "median_earning_6_years": "$32,000",
      "graduation_rate": "27%",
      "employment_rate": "92%"
    },
    "students": {
      "full_time": "1,201",
      "part_time": "94",
      "over_25": "4%",
      "pell_grant": "80%",
      "varsity_athletes": "17%"
    },
    "popular_majors": [
      "Criminology",
      "Psychology",
      "Education",
      "Business",
      "Information Science",
      "Biology",
      "Communications",
      "Accounting",
      "Sales",
      "Social Work and Youth Services"
    ],
    "cost": {
      "net_price": "$20,469",
      "average_aid": "$9,848",
      "percentage_aid": "99%"
    },
    "admissions": {
      "statistics": {
        "acceptance_rate": "44%",
        "early_decision_acceptance_rate": "",
        "total_applicants": "4,296",
        "sat_range": "820-1020",
        "sat_reading": "420-520",
        "sat_math": "400-500",
        "sat_submission_percentage": "32%",
        "act_range": "15-20",
        "act_english": "12-19",
        "act_math": "16-19",
        "act_writing": "",
        "act_submission_percentage": "9%"
      },
      "deadlines": {
        "application_deadline": "",
        "early_decision_deadline": "",
        "early_action_deadline": "",
        "offers_early_decision": "",
        "offers_early_action": "",
        "application_fee": "$25",
        "application_website": "my.vuu.edu/ics/admissions/undergraduate_admissions.jnz?portlet=apply_online_2.0",
        "accepts_common_app": "",
        "accepts_coalition_app": "No"
      },
      "requirements": {
        "gpa": "Required",
        "rank": "Recommended",
        "transcript": "Required",
        "college_prep_coures": "Recommended",
        "sat/act": "Considered but not required",
        "recommendations": "Required"
      }
    }
  },
  "University of Rio Grande": {
    "niche_report_card": {
      "Academics": "C",
      "Value": "C",
      "Diversity": "B+",
      "Campus": "C+",
      "Athletics": "C+",
      "Party Scene": "C",
      "Professors": "C+",
      "Location": "C+",
      "Dorms": "C",
      "Campus Food": "C+",
      "Student Life": "C-",
      "Safety": "A-"
    },
    "after_college": {
      "median_earning_6_years": "$33,900",
      "graduation_rate": "39%",
      "employment_rate": "88%"
    },
    "students": {
      "full_time": "1,269",
      "part_time": "484",
      "over_25": "20%",
      "pell_grant": "55%",
      "varsity_athletes": "48%"
    },
    "popular_majors": [
      "Business",
      "Nursing",
      "Sport and Fitness Management",
      "Elementary Education",
      "Education",
      "Manufacturing Engineering Technician",
      "Pharmacy and Pharmaceutical Sciences",
      "Biomedical Sciences and Molecular Medicine",
      "Early Childhood Education",
      "Information Science"
    ],
    "cost": {
      "net_price": "$30,705",
      "average_aid": "$5,937",
      "percentage_aid": "94%"
    },
    "admissions": {
      "statistics": {
        "acceptance_rate": "100%",
        "early_decision_acceptance_rate": "",
        "total_applicants": "",
        "sat_range": "",
        "sat_reading": "",
        "sat_math": "",
        "sat_submission_percentage": "",
        "act_range": "",
        "act_english": "",
        "act_math": "",
        "act_writing": "",
        "act_submission_percentage": ""
      },
      "deadlines": {
        "application_deadline": "",
        "early_decision_deadline": "",
        "early_action_deadline": "",
        "offers_early_decision": "",
        "offers_early_action": "",
        "application_fee": "$25",
        "application_website": "hope.rio.edu/admissapp",
        "accepts_common_app": "",
        "accepts_coalition_app": "No"
      },
      "requirements": {
        "gpa": "—",
        "rank": "—",
        "transcript": "—",
        "college_prep_coures": "—",
        "sat/act": "—",
        "recommendations": "—"
      }
    }
  },
  "Spokane Falls Community College": {
    "niche_report_card": {
      "Academics": "C-",
      "Value": "C-",
      "Diversity": "B",
      "Campus": "B",
      "Athletics": "C-",
      "Party Scene": "C+",
      "Professors": "C+",
      "Location": "B+",
      "Dorms": "NG",
      "Campus Food": "NG",
      "Student Life": "C",
      "Safety": "B"
    },
    "after_college": {
      "median_earning_6_years": "$30,700",
      "graduation_rate": "22%",
      "employment_rate": "78%"
    },
    "students": {
      "full_time": "3,938",
      "part_time": "1,651",
      "over_25": "29%",
      "pell_grant": "39%",
      "varsity_athletes": "6%"
    },
    "popular_majors": [
      "Liberal Arts and Humanities",
      "Marketing",
      "Recording Arts Technician",
      "Early Childhood Education",
      "Mental and Social Health Services",
      "Business",
      "Computer Systems Technician",
      "Business Support Services",
      "Occupational Therapist Assistant",
      "Substance Abuse and Addiction Counseling"
    ],
    "cost": {
      "net_price": "$6,528",
      "average_aid": "$5,610",
      "percentage_aid": "63%"
    },
    "admissions": {
      "statistics": {
        "acceptance_rate": "100%",
        "early_decision_acceptance_rate": "",
        "total_applicants": "",
        "sat_range": "",
        "sat_reading": "",
        "sat_math": "",
        "sat_submission_percentage": "",
        "act_range": "",
        "act_english": "",
        "act_math": "",
        "act_writing": "",
        "act_submission_percentage": ""
      },
      "deadlines": {
        "application_deadline": "",
        "early_decision_deadline": "",
        "early_action_deadline": "",
        "offers_early_decision": "",
        "offers_early_action": "",
        "application_fee": "$0",
        "application_website": "spokanefalls.edu/admissions/admissionsfcc.aspx?page=pv1&subpage=pv4",
        "accepts_common_app": "",
        "accepts_coalition_app": "No"
      },
      "requirements": {
        "gpa": "—",
        "rank": "—",
        "transcript": "—",
        "college_prep_coures": "—",
        "sat/act": "—",
        "recommendations": "—"
      }
    }
  },
  "State College of Florida - Manatee-Sarasota": {
    "niche_report_card": {
      "Academics": "C-",
      "Value": "C",
      "Diversity": "C",
      "Campus": "B+",
      "Athletics": "C",
      "Party Scene": "C",
      "Professors": "C",
      "Location": "A-",
      "Dorms": "NG",
      "Campus Food": "NG",
      "Student Life": "B-",
      "Safety": "A"
    },
    "after_college": {
      "median_earning_6_years": "$30,900",
      "graduation_rate": "33%",
      "employment_rate": "85%"
    },
    "students": {
      "full_time": "4,032",
      "part_time": "6,854",
      "over_25": "18%",
      "pell_grant": "53%",
      "varsity_athletes": "2%"
    },
    "popular_majors": [
      "Liberal Arts and Humanities",
      "Nursing",
      "Computer Graphics",
      "Information Technology",
      "Network, Database, and System Administration",
      "Healthcare Management",
      "Education",
      "Engineering Technician",
      "Early Childhood Education",
      "Business"
    ],
    "cost": {
      "net_price": "$12,772",
      "average_aid": "$5,421",
      "percentage_aid": "72%"
    },
    "admissions": {
      "statistics": {
        "acceptance_rate": "100%",
        "early_decision_acceptance_rate": "",
        "total_applicants": "",
        "sat_range": "",
        "sat_reading": "",
        "sat_math": "",
        "sat_submission_percentage": "",
        "act_range": "",
        "act_english": "",
        "act_math": "",
        "act_writing": "",
        "act_submission_percentage": ""
      },
      "deadlines": {
        "application_deadline": "",
        "early_decision_deadline": "",
        "early_action_deadline": "",
        "offers_early_decision": "",
        "offers_early_action": "",
        "application_fee": "$0",
        "application_website": "scf.edu/studentservices/educationalrecords/admissions/firsttimeincollege/default.asp",
        "accepts_common_app": "",
        "accepts_coalition_app": "No"
      },
      "requirements": {
        "gpa": "—",
        "rank": "—",
        "transcript": "—",
        "college_prep_coures": "—",
        "sat/act": "—",
        "recommendations": "—"
      }
    }
  },
  "Wesley College": {
    "niche_report_card": {
      "Academics": "C",
      "Value": "C+",
      "Diversity": "A",
      "Campus": "D-",
      "Athletics": "B-",
      "Party Scene": "C",
      "Professors": "C",
      "Location": "C-",
      "Dorms": "D",
      "Campus Food": "C-",
      "Student Life": "D",
      "Safety": "C-"
    },
    "after_college": {
      "median_earning_6_years": "$42,900",
      "graduation_rate": "22%",
      "employment_rate": "92%"
    },
    "students": {
      "full_time": "1,305",
      "part_time": "143",
      "over_25": "5%",
      "pell_grant": "61%",
      "varsity_athletes": "27%"
    },
    "popular_majors": [
      "Nursing",
      "Kinesiology and Exercise Science",
      "Business",
      "Psychology",
      "Liberal Arts and Humanities",
      "Paralegal",
      "Sport and Fitness Management",
      "Education",
      "Radio and Television",
      "Special Education and Teaching"
    ],
    "cost": {
      "net_price": "$16,029",
      "average_aid": "$16,410",
      "percentage_aid": "95%"
    },
    "admissions": {
      "statistics": {
        "acceptance_rate": "60%",
        "early_decision_acceptance_rate": "",
        "total_applicants": "2,793",
        "sat_range": "750-1050",
        "sat_reading": "370-460",
        "sat_math": "370-470",
        "sat_submission_percentage": "95%",
        "act_range": "15-17",
        "act_english": "13-19",
        "act_math": "15-18",
        "act_writing": "4-7",
        "act_submission_percentage": "8%"
      },
      "deadlines": {
        "application_deadline": "",
        "early_decision_deadline": "",
        "early_action_deadline": "",
        "offers_early_decision": "",
        "offers_early_action": "",
        "application_fee": "$0",
        "application_website": "admissions.wesley.edu/apply-now",
        "accepts_common_app": "No",
        "accepts_coalition_app": "No"
      },
      "requirements": {
        "gpa": "Required",
        "rank": "Recommended",
        "transcript": "Required",
        "college_prep_coures": "Recommended",
        "sat/act": "Required",
        "recommendations": "Neither required nor recommended"
      }
    }
  },
  "Atlanta Metropolitan State CollegeThis college has been claimed by the college or a college representative.": {
    "niche_report_card": {
      "Academics": "C-",
      "Value": "C",
      "Diversity": "B",
      "Campus": "B-",
      "Athletics": "C",
      "Party Scene": "NG",
      "Professors": "C+",
      "Location": "A-",
      "Dorms": "NG",
      "Campus Food": "NG",
      "Student Life": "C+",
      "Safety": "B-"
    },
    "after_college": {
      "median_earning_6_years": "$28,000",
      "graduation_rate": "9%",
      "employment_rate": "88%"
    },
    "students": {
      "full_time": "1,081",
      "part_time": "1,420",
      "over_25": "28%",
      "pell_grant": "80%",
      "varsity_athletes": "2%"
    },
    "popular_majors": [
      "Liberal Arts and Humanities",
      "Criminal Justice and Law Enforcement Administration",
      "Business",
      "Biology",
      "Graphic Design",
      "Chemistry",
      "Computational and Applied Mathematics"
    ],
    "cost": {
      "net_price": "$3,938",
      "average_aid": "$6,664",
      "percentage_aid": "93%"
    },
    "admissions": {
      "statistics": {
        "acceptance_rate": "100%",
        "early_decision_acceptance_rate": "",
        "total_applicants": "800",
        "sat_range": "",
        "sat_reading": "",
        "sat_math": "",
        "sat_submission_percentage": "",
        "act_range": "",
        "act_english": "",
        "act_math": "",
        "act_writing": "",
        "act_submission_percentage": ""
      },
      "deadlines": {
        "application_deadline": "",
        "early_decision_deadline": "",
        "early_action_deadline": "",
        "offers_early_decision": "",
        "offers_early_action": "",
        "application_fee": "$20",
        "application_website": "gacollege411.org/applications/usg_common_app_short/apply.html?application_id=2874",
        "accepts_common_app": "",
        "accepts_coalition_app": "No"
      },
      "requirements": {
        "gpa": "Required",
        "rank": "Recommended",
        "transcript": "Required",
        "college_prep_coures": "Required",
        "sat/act": "Recommended",
        "recommendations": "Recommended"
      }
    }
  },
  "LeMoyne-Owen College": {
    "niche_report_card": {
      "Academics": "C-",
      "Value": "C-",
      "Diversity": "B-",
      "Campus": "C+",
      "Athletics": "B-",
      "Party Scene": "B",
      "Professors": "B",
      "Location": "B-",
      "Dorms": "B+",
      "Campus Food": "B-",
      "Student Life": "C",
      "Safety": "B-"
    },
    "after_college": {
      "median_earning_6_years": "$28,400",
      "graduation_rate": "14%",
      "employment_rate": "91%"
    },
    "students": {
      "full_time": "770",
      "part_time": "93",
      "over_25": "25%",
      "pell_grant": "92%",
      "varsity_athletes": "14%"
    },
    "popular_majors": [
      "Business",
      "Criminal Justice and Safety Studies",
      "Education",
      "Social Work and Youth Services",
      "Biology",
      "Network, Database, and System Administration",
      "Sociology",
      "Arts",
      "Communications",
      "History"
    ],
    "cost": {
      "net_price": "$7,950",
      "average_aid": "$9,627",
      "percentage_aid": "100%"
    },
    "admissions": {
      "statistics": {
        "acceptance_rate": "100%",
        "early_decision_acceptance_rate": "",
        "total_applicants": "467",
        "sat_range": "640-820",
        "sat_reading": "320-410",
        "sat_math": "320-410",
        "sat_submission_percentage": "0%",
        "act_range": "14-17",
        "act_english": "12-16",
        "act_math": "15-16",
        "act_writing": "5-8",
        "act_submission_percentage": "100%"
      },
      "deadlines": {
        "application_deadline": "",
        "early_decision_deadline": "",
        "early_action_deadline": "",
        "offers_early_decision": "",
        "offers_early_action": "",
        "application_fee": "$25",
        "application_website": "selfservice.loc.edu/selfservice/admissions/applicationselectenabledform.aspx",
        "accepts_common_app": "",
        "accepts_coalition_app": "No"
      },
      "requirements": {
        "gpa": "Required",
        "rank": "Recommended",
        "transcript": "Required",
        "college_prep_coures": "Recommended",
        "sat/act": "Required",
        "recommendations": "Recommended"
      }
    }
  },
  "Ashford University": {
    "niche_report_card": {
      "Professors": "C+",
      "Value": "C",
      "Diversity": "NG",
      "Safety": "NG",
      "Student Life": "NG",
      "Location": "NG"
    },
    "after_college": {
      "median_earning_6_years": "$41,200",
      "graduation_rate": "8%",
      "employment_rate": "80%"
    },
    "students": {
      "full_time": "31,545",
      "part_time": "1",
      "over_25": "88%",
      "pell_grant": "73%",
      "varsity_athletes": ""
    },
    "popular_majors": [
      "Business",
      "Early Childhood Education",
      "Psychology",
      "Healthcare Management",
      "Behavioral Sciences",
      "Criminal Justice and Safety Studies",
      "Human Resources",
      "Education",
      "Criminal Justice and Law Enforcement Administration",
      "Alternative Medicine and Holistic Health"
    ],
    "cost": {
      "net_price": "$18,469",
      "average_aid": "$4,616",
      "percentage_aid": "88%"
    },
    "admissions": {
      "statistics": {}
    }
  },
  "Polk State CollegeThis college has been claimed by the college or a college representative.": {
    "niche_report_card": {
      "Academics": "C-",
      "Value": "C+",
      "Diversity": "B+",
      "Campus": "B",
      "Athletics": "C",
      "Party Scene": "C",
      "Professors": "C-",
      "Location": "B",
      "Dorms": "NG",
      "Campus Food": "NG",
      "Student Life": "C",
      "Safety": "B+"
    },
    "after_college": {
      "median_earning_6_years": "$31,800",
      "graduation_rate": "28%",
      "employment_rate": "88%"
    },
    "students": {
      "full_time": "3,627",
      "part_time": "7,032",
      "over_25": "20%",
      "pell_grant": "56%",
      "varsity_athletes": "3%"
    },
    "popular_majors": [
      "Liberal Arts and Humanities",
      "Business",
      "Nursing",
      "Police and Criminal Science",
      "Emergency Medical Technician (EMT Paramedic)",
      "Criminal Justice and Law Enforcement Administration",
      "Education",
      "Child Care Provider",
      "Criminal Justice and Safety Studies",
      "Engineering Technician"
    ],
    "cost": {
      "net_price": "$8,402",
      "average_aid": "$4,378",
      "percentage_aid": "67%"
    },
    "admissions": {
      "statistics": {
        "acceptance_rate": "100%",
        "early_decision_acceptance_rate": "",
        "total_applicants": "",
        "sat_range": "",
        "sat_reading": "",
        "sat_math": "",
        "sat_submission_percentage": "",
        "act_range": "",
        "act_english": "",
        "act_math": "",
        "act_writing": "",
        "act_submission_percentage": ""
      },
      "deadlines": {
        "application_deadline": "",
        "early_decision_deadline": "",
        "early_action_deadline": "",
        "offers_early_decision": "",
        "offers_early_action": "",
        "application_fee": "$0",
        "application_website": "passport.polk.edu/genesis/student/applogon.jsp",
        "accepts_common_app": "",
        "accepts_coalition_app": "No"
      },
      "requirements": {
        "gpa": "—",
        "rank": "—",
        "transcript": "—",
        "college_prep_coures": "—",
        "sat/act": "—",
        "recommendations": "—"
      }
    }
  },
  "Bryant & Stratton College - Online": {
    "niche_report_card": {
      "Professors": "C",
      "Value": "C-",
      "Diversity": "NG",
      "Safety": "NG",
      "Student Life": "NG",
      "Location": "NG"
    },
    "after_college": {
      "median_earning_6_years": "$24,100",
      "graduation_rate": "15%",
      "employment_rate": "82%"
    },
    "students": {
      "full_time": "2,534",
      "part_time": "1,580",
      "over_25": "78%",
      "pell_grant": "80%",
      "varsity_athletes": ""
    },
    "popular_majors": [
      "Medical Insurance Coding",
      "Business",
      "Medical Secretary",
      "Criminal Justice and Law Enforcement Administration",
      "Paralegal",
      "Medical Office Assistant",
      "Human Resources",
      "Accounting",
      "Healthcare Management",
      "Human Services"
    ],
    "cost": {
      "net_price": "$13,325",
      "average_aid": "$5,878",
      "percentage_aid": "88%"
    },
    "admissions": {
      "statistics": {}
    }
  },
  "Edward Waters College": {
    "niche_report_card": {
      "Academics": "C",
      "Value": "C-",
      "Diversity": "B+",
      "Campus": "D-",
      "Athletics": "B-",
      "Party Scene": "B+",
      "Professors": "C+",
      "Location": "C-",
      "Dorms": "C-",
      "Campus Food": "C",
      "Student Life": "C-",
      "Safety": "C+"
    },
    "after_college": {
      "median_earning_6_years": "$25,900",
      "graduation_rate": "32%",
      "employment_rate": "87%"
    },
    "students": {
      "full_time": "853",
      "part_time": "2,590",
      "over_25": "19%",
      "pell_grant": "78%",
      "varsity_athletes": "23%"
    },
    "popular_majors": [
      "Business",
      "Criminal Justice and Safety Studies",
      "Biology",
      "Psychology",
      "Elementary Education",
      "Communications",
      "Liberal Arts and Humanities",
      "Music History and Literature",
      "Mathematics"
    ],
    "cost": {
      "net_price": "$13,351",
      "average_aid": "$11,620",
      "percentage_aid": "91%"
    },
    "admissions": {
      "statistics": {
        "acceptance_rate": "60%",
        "early_decision_acceptance_rate": "",
        "total_applicants": "2,923",
        "sat_range": "790- 970",
        "sat_reading": "400-480",
        "sat_math": "390-490",
        "sat_submission_percentage": "50%",
        "act_range": "15-18",
        "act_english": "13-17",
        "act_math": "15-17",
        "act_writing": "",
        "act_submission_percentage": "50%"
      },
      "deadlines": {
        "application_deadline": "",
        "early_decision_deadline": "",
        "early_action_deadline": "",
        "offers_early_decision": "",
        "offers_early_action": "",
        "application_fee": "$25",
        "application_website": "ewc.edu/apply",
        "accepts_common_app": "",
        "accepts_coalition_app": "No"
      },
      "requirements": {
        "gpa": "Required",
        "rank": "Neither required nor recommended",
        "transcript": "Required",
        "college_prep_coures": "Neither required nor recommended",
        "sat/act": "Required",
        "recommendations": "Neither required nor recommended"
      }
    }
  },
  "Bakersfield College": {
    "niche_report_card": {
      "Academics": "C-",
      "Value": "C+",
      "Diversity": "B",
      "Campus": "C-",
      "Athletics": "C+",
      "Party Scene": "C-",
      "Professors": "C+",
      "Location": "C-",
      "Dorms": "NG",
      "Campus Food": "NG",
      "Student Life": "C-",
      "Safety": "C+"
    },
    "after_college": {
      "median_earning_6_years": "$29,800",
      "graduation_rate": "23%",
      "employment_rate": "82%"
    },
    "students": {
      "full_time": "6,829",
      "part_time": "16,366",
      "over_25": "17%",
      "pell_grant": "59%",
      "varsity_athletes": "6%"
    },
    "popular_majors": [
      "Child Care Provider",
      "Emergency Medical Technician (EMT Paramedic)",
      "Communications",
      "Liberal Arts and Humanities",
      "Business",
      "Nursing Assistant",
      "Nursing",
      "Psychology",
      "Welding",
      "Police and Criminal Science"
    ],
    "cost": {
      "net_price": "$6,645",
      "average_aid": "$5,313",
      "percentage_aid": "72%"
    },
    "admissions": {
      "statistics": {
        "acceptance_rate": "100%",
        "early_decision_acceptance_rate": "",
        "total_applicants": "",
        "sat_range": "",
        "sat_reading": "",
        "sat_math": "",
        "sat_submission_percentage": "",
        "act_range": "",
        "act_english": "",
        "act_math": "",
        "act_writing": "",
        "act_submission_percentage": ""
      },
      "deadlines": {
        "application_deadline": "",
        "early_decision_deadline": "",
        "early_action_deadline": "",
        "offers_early_decision": "",
        "offers_early_action": "",
        "application_fee": "$0",
        "application_website": "bakersfieldcollege.edu/apply",
        "accepts_common_app": "",
        "accepts_coalition_app": "No"
      },
      "requirements": {
        "gpa": "—",
        "rank": "—",
        "transcript": "—",
        "college_prep_coures": "—",
        "sat/act": "—",
        "recommendations": "—"
      }
    }
  },
  "Brookline College - Phoenix": {
    "niche_report_card": {
      "Academics": "C-",
      "Value": "D+",
      "Diversity": "B+",
      "Campus": "B-",
      "Athletics": "NG",
      "Party Scene": "NG",
      "Professors": "C-",
      "Location": "B",
      "Dorms": "NG",
      "Campus Food": "NG",
      "Student Life": "B+",
      "Safety": "A"
    },
    "after_college": {
      "median_earning_6_years": "$21,900",
      "graduation_rate": "26%",
      "employment_rate": "79%"
    },
    "students": {
      "full_time": "472",
      "part_time": "584",
      "over_25": "65%",
      "pell_grant": "80%",
      "varsity_athletes": ""
    },
    "popular_majors": [
      "Nursing",
      "Medical Insurance Coding",
      "Medical Assistant",
      "Nursing Assistant",
      "Phlebotomy Technician",
      "Healthcare Management",
      "Pharmacy Technician",
      "Police and Criminal Science",
      "Business",
      "Dental Assisting"
    ],
    "cost": {
      "net_price": "$29,149",
      "average_aid": "$5,729",
      "percentage_aid": "93%"
    },
    "admissions": {
      "statistics": {
        "acceptance_rate": "100%",
        "early_decision_acceptance_rate": "",
        "total_applicants": "",
        "sat_range": "",
        "sat_reading": "",
        "sat_math": "",
        "sat_submission_percentage": "",
        "act_range": "",
        "act_english": "",
        "act_math": "",
        "act_writing": "",
        "act_submission_percentage": ""
      },
      "deadlines": {
        "application_deadline": "",
        "early_decision_deadline": "",
        "early_action_deadline": "",
        "offers_early_decision": "",
        "offers_early_action": "",
        "application_fee": "$0",
        "application_website": "apply.brooklinecollege.edu",
        "accepts_common_app": "",
        "accepts_coalition_app": "No"
      },
      "requirements": {
        "gpa": "—",
        "rank": "—",
        "transcript": "—",
        "college_prep_coures": "—",
        "sat/act": "—",
        "recommendations": "—"
      }
    }
  },
  "Grantham University": {
    "niche_report_card": {
      "Professors": "C-",
      "Value": "C+",
      "Diversity": "NG",
      "Safety": "NG",
      "Student Life": "NG",
      "Location": "NG"
    },
    "after_college": {
      "median_earning_6_years": "",
      "graduation_rate": "38%",
      "employment_rate": ""
    },
    "students": {
      "full_time": "3,296",
      "part_time": "4,520",
      "over_25": "87%",
      "pell_grant": "86%",
      "varsity_athletes": ""
    },
    "popular_majors": [
      "Business",
      "Liberal Arts and Humanities",
      "Criminal Justice and Law Enforcement Administration",
      "Medical Insurance Coding",
      "Computer Science",
      "Electrical Engineering Technician",
      "Human Resources",
      "Computer and Information Systems Security",
      "Engineering",
      "Nursing"
    ],
    "cost": {
      "net_price": "$11,251",
      "average_aid": "$5,350",
      "percentage_aid": "98%"
    },
    "admissions": {
      "statistics": {}
    }
  },
  "Texas College": {
    "niche_report_card": {
      "Academics": "C-",
      "Value": "C-",
      "Diversity": "B+",
      "Campus": "C-",
      "Athletics": "C+",
      "Party Scene": "B",
      "Professors": "C",
      "Location": "B-",
      "Dorms": "C+",
      "Campus Food": "C+",
      "Student Life": "C+",
      "Safety": "A"
    },
    "after_college": {
      "median_earning_6_years": "$23,400",
      "graduation_rate": "16%",
      "employment_rate": "89%"
    },
    "students": {
      "full_time": "940",
      "part_time": "52",
      "over_25": "20%",
      "pell_grant": "75%",
      "varsity_athletes": "20%"
    },
    "popular_majors": [
      "Business",
      "Liberal Arts and Humanities",
      "Criminal Justice and Law Enforcement Administration",
      "Education",
      "Biology",
      "Social Work and Youth Services",
      "Religious Studies",
      "Computer Science",
      "Mathematics",
      "Early Childhood Education"
    ],
    "cost": {
      "net_price": "$14,935",
      "average_aid": "$5,205",
      "percentage_aid": "86%"
    },
    "admissions": {
      "statistics": {
        "acceptance_rate": "100%",
        "early_decision_acceptance_rate": "",
        "total_applicants": "",
        "sat_range": "",
        "sat_reading": "",
        "sat_math": "",
        "sat_submission_percentage": "",
        "act_range": "",
        "act_english": "",
        "act_math": "",
        "act_writing": "",
        "act_submission_percentage": ""
      },
      "deadlines": {
        "application_deadline": "",
        "early_decision_deadline": "",
        "early_action_deadline": "",
        "offers_early_decision": "",
        "offers_early_action": "",
        "application_fee": "$20",
        "application_website": "jicsweb.texascollege.edu/ics/admissions/home.jnz?portlet=apply_online_2.0",
        "accepts_common_app": "",
        "accepts_coalition_app": "No"
      },
      "requirements": {
        "gpa": "—",
        "rank": "—",
        "transcript": "—",
        "college_prep_coures": "—",
        "sat/act": "—",
        "recommendations": "—"
      }
    }
  },
  "Allen UniversityThis college has been claimed by the college or a college representative.": {
    "niche_report_card": {
      "Academics": "C-",
      "Value": "C-",
      "Diversity": "B-",
      "Campus": "C+",
      "Athletics": "C+",
      "Party Scene": "B",
      "Professors": "B-",
      "Location": "B",
      "Dorms": "B",
      "Campus Food": "B",
      "Student Life": "C",
      "Safety": "B"
    },
    "after_college": {
      "median_earning_6_years": "$23,300",
      "graduation_rate": "24%",
      "employment_rate": "87%"
    },
    "students": {
      "full_time": "563",
      "part_time": "27",
      "over_25": "10%",
      "pell_grant": "96%",
      "varsity_athletes": "19%"
    },
    "popular_majors": [
      "Business",
      "Social Science Research Methods",
      "Biology",
      "Mathematics",
      "Religious Studies",
      "English",
      "Music History and Literature"
    ],
    "cost": {
      "net_price": "$15,848",
      "average_aid": "$6,845",
      "percentage_aid": "100%"
    },
    "admissions": {
      "statistics": {
        "acceptance_rate": "100%",
        "early_decision_acceptance_rate": "",
        "total_applicants": "",
        "sat_range": "",
        "sat_reading": "",
        "sat_math": "",
        "sat_submission_percentage": "",
        "act_range": "",
        "act_english": "",
        "act_math": "",
        "act_writing": "",
        "act_submission_percentage": ""
      },
      "deadlines": {
        "application_deadline": "",
        "early_decision_deadline": "",
        "early_action_deadline": "",
        "offers_early_decision": "",
        "offers_early_action": "",
        "application_fee": "$25",
        "application_website": "allenuniversity.edu/admissions",
        "accepts_common_app": "",
        "accepts_coalition_app": "No"
      },
      "requirements": {
        "gpa": "—",
        "rank": "—",
        "transcript": "—",
        "college_prep_coures": "—",
        "sat/act": "—",
        "recommendations": "—"
      }
    }
  }
}