{"Strayer University - Virginia": {"niche_report_card": {"Academics": "C-", "Value": "C+", "Diversity": "A", "Campus": "B-", "Athletics": "NG", "Party Scene": "NG", "Professors": "C-", "Location": "A-", "Dorms": "NG", "Campus Food": "NG", "Student Life": "A-", "Safety": "NG"}, "after_college": {"median_earning_6_years": "$45,900", "graduation_rate": "11%", "employment_rate": "85%"}, "students": {"full_time": "1,002", "part_time": "3,267", "over_25": "90%", "pell_grant": "35%", "varsity_athletes": ""}, "popular_majors": ["Business", "Information Technology", "Criminal Justice and Law Enforcement Administration", "Information Science", "Accounting", "Computer Systems Technician", "Accounting Technician and Bookkeeping", "Police and Criminal Science", "Marketing", "Economics"], "cost": {"net_price": "$23,713", "average_aid": "$4,031", "percentage_aid": "41%"}, "admissions": {"statistics": {"acceptance_rate": "100%", "early_decision_acceptance_rate": "", "total_applicants": "", "sat_range": "", "sat_reading": "", "sat_math": "", "sat_submission_percentage": "", "act_range": "", "act_english": "", "act_math": "", "act_writing": "", "act_submission_percentage": ""}, "deadlines": {"application_deadline": "", "early_decision_deadline": "", "early_action_deadline": "", "offers_early_decision": "", "offers_early_action": "", "application_fee": "$0", "application_website": "", "accepts_common_app": "", "accepts_coalition_app": "No"}, "requirements": {"gpa": "\u2014", "rank": "\u2014", "transcript": "\u2014", "college_prep_coures": "\u2014", "sat/act": "\u2014", "recommendations": "\u2014"}}}, "Alpena Community College": {"niche_report_card": {"Academics": "C", "Value": "B-", "Diversity": "C+", "Campus": "B-", "Athletics": "C-", "Party Scene": "NG", "Professors": "B-", "Location": "B-", "Dorms": "NG", "Campus Food": "NG", "Student Life": "C+", "Safety": "A+"}, "after_college": {"median_earning_6_years": "$31,600", "graduation_rate": "35%", "employment_rate": "83%"}, "students": {"full_time": "684", "part_time": "927", "over_25": "19%", "pell_grant": "59%", "varsity_athletes": "7%"}, "popular_majors": ["Electrical Engineering Technician", "Liberal Arts and Humanities", "Licensed Practical Nurse Training (LPN)", "Nursing", "Business", "Civil Engineering Technician", "Police and Criminal Science", "Medical Assistant", "Visual and Performing Arts", "Machine and Metal Working"], "cost": {"net_price": "$3,226", "average_aid": "$5,351", "percentage_aid": "90%"}, "admissions": {"statistics": {"acceptance_rate": "100%", "early_decision_acceptance_rate": "", "total_applicants": "", "sat_range": "", "sat_reading": "", "sat_math": "", "sat_submission_percentage": "", "act_range": "", "act_english": "", "act_math": "", "act_writing": "", "act_submission_percentage": ""}, "deadlines": {"application_deadline": "", "early_decision_deadline": "", "early_action_deadline": "", "offers_early_decision": "", "offers_early_action": "", "application_fee": "$0", "application_website": "alpenacc.edu", "accepts_common_app": "", "accepts_coalition_app": "No"}, "requirements": {"gpa": "\u2014", "rank": "\u2014", "transcript": "\u2014", "college_prep_coures": "\u2014", "sat/act": "\u2014", "recommendations": "\u2014"}}}, "Waldorf University": {"niche_report_card": {"Academics": "C+", "Value": "B-", "Diversity": "A", "Campus": "D+", "Athletics": "B-", "Party Scene": "C+", "Professors": "C", "Location": "C", "Dorms": "C-", "Campus Food": "C-", "Student Life": "C-", "Safety": "B+"}, "after_college": {"median_earning_6_years": "$37,800", "graduation_rate": "29%", "employment_rate": "96%"}, "students": {"full_time": "1,482", "part_time": "644", "over_25": "57%", "pell_grant": "50%", "varsity_athletes": "22%"}, "popular_majors": ["Fire Protection and Prevention", "Occupational Safety and Health Technician", "Business", "Psychology", "Homeland Security and Disaster Management", "Criminal Justice and Safety Studies", "Healthcare Management", "Organizational Behavior Studies", "Communications", "Elementary Education"], "cost": {"net_price": "$19,985", "average_aid": "$12,895", "percentage_aid": "98%"}, "admissions": {"statistics": {"acceptance_rate": "72%", "early_decision_acceptance_rate": "", "total_applicants": "771", "sat_range": "930-1110", "sat_reading": "470-560", "sat_math": "460-550", "sat_submission_percentage": "28%", "act_range": "18-22", "act_english": "18-24", "act_math": "17-23", "act_writing": "", "act_submission_percentage": "72%"}, "deadlines": {"application_deadline": "", "early_decision_deadline": "", "early_action_deadline": "", "offers_early_decision": "", "offers_early_action": "", "application_fee": "$0", "application_website": "mywaldorf.waldorf.edu/form/application", "accepts_common_app": "", "accepts_coalition_app": "No"}, "requirements": {"gpa": "Required", "rank": "Considered but not required", "transcript": "Required", "college_prep_coures": "Recommended", "sat/act": "Required", "recommendations": "Recommended"}}}, "Haskell Indian Nations University": {"niche_report_card": {"Academics": "C", "Value": "C+", "Diversity": "B-", "Campus": "B", "Athletics": "C", "Party Scene": "B", "Professors": "C+", "Location": "A", "Dorms": "B-", "Campus Food": "B-", "Student Life": "B-", "Safety": "B"}, "after_college": {"median_earning_6_years": "$24,900", "graduation_rate": "45%", "employment_rate": "87%"}, "students": {"full_time": "771", "part_time": "35", "over_25": "16%", "pell_grant": "63%", "varsity_athletes": "11%"}, "popular_majors": ["Liberal Arts and Humanities", "Business", "Minority and Ethnic Studies", "Environmental Science", "Elementary Education", "Natural Sciences", "Public Health", "Social Work and Youth Services", "Communications", "Sport and Fitness Management"], "cost": {"net_price": "$3,434", "average_aid": "$5,141", "percentage_aid": "74%"}, "admissions": {"statistics": {"acceptance_rate": "82%", "early_decision_acceptance_rate": "", "total_applicants": "255", "sat_range": "830-1060", "sat_reading": "440-550", "sat_math": "390-510", "sat_submission_percentage": "8%", "act_range": "16-20", "act_english": "13-19", "act_math": "15-19", "act_writing": "", "act_submission_percentage": "92%"}, "deadlines": {"application_deadline": "", "early_decision_deadline": "", "early_action_deadline": "", "offers_early_decision": "", "offers_early_action": "", "application_fee": "$10", "application_website": "haskell.edu/admissions/forms.php", "accepts_common_app": "", "accepts_coalition_app": "No"}, "requirements": {"gpa": "Required", "rank": "Required", "transcript": "Required", "college_prep_coures": "Recommended", "sat/act": "Required", "recommendations": "Neither required nor recommended"}}}, "DeVry University - California": {"niche_report_card": {"Academics": "C", "Value": "C+", "Diversity": "B+", "Campus": "C+", "Athletics": "NG", "Party Scene": "NG", "Professors": "C+", "Location": "B-", "Dorms": "NG", "Campus Food": "NG", "Student Life": "B", "Safety": "A"}, "after_college": {"median_earning_6_years": "$44,100", "graduation_rate": "32%", "employment_rate": "86%"}, "students": {"full_time": "1,050", "part_time": "1,263", "over_25": "78%", "pell_grant": "68%", "varsity_athletes": ""}, "popular_majors": ["Business", "Computer Systems Networking and Telecommunications", "Computer Systems Analysis", "Criminal Justice and Law Enforcement Administration", "Electrical Engineering Technician", "Accounting", "Web Page and Digital Design", "Medical Records Technician", "Healthcare Management", "Biomedical Technician"], "cost": {"net_price": "$26,674", "average_aid": "$6,757", "percentage_aid": "94%"}, "admissions": {"statistics": {"acceptance_rate": "90%", "early_decision_acceptance_rate": "", "total_applicants": "71", "sat_range": "", "sat_reading": "", "sat_math": "", "sat_submission_percentage": "", "act_range": "", "act_english": "", "act_math": "", "act_writing": "", "act_submission_percentage": ""}, "deadlines": {"application_deadline": "", "early_decision_deadline": "", "early_action_deadline": "", "offers_early_decision": "", "offers_early_action": "", "application_fee": "$30", "application_website": "dv.secure.force.com/sswa/dvu/us/2?vc=170005&intcmp=header%7capplynow", "accepts_common_app": "", "accepts_coalition_app": "No"}, "requirements": {"gpa": "Required", "rank": "Neither required nor recommended", "transcript": "Required", "college_prep_coures": "Neither required nor recommended", "sat/act": "Recommended", "recommendations": "Neither required nor recommended"}}}, "Kent State University - GeaugaThis college has been claimed by the college or a college representative.": {"niche_report_card": {"Academics": "C", "Value": "B-", "Diversity": "B-", "Campus": "B-", "Athletics": "NG", "Party Scene": "NG", "Professors": "C", "Location": "C", "Dorms": "NG", "Campus Food": "NG", "Student Life": "B-", "Safety": "NG"}, "after_college": {"median_earning_6_years": "$38,000", "graduation_rate": "30%", "employment_rate": "91%"}, "students": {"full_time": "482", "part_time": "1,765", "over_25": "7%", "pell_grant": "45%", "varsity_athletes": ""}, "popular_majors": ["Liberal Arts and Humanities", "Nursing", "Computer Programming"], "cost": {"net_price": "$7,771", "average_aid": "$4,242", "percentage_aid": "74%"}, "admissions": {"statistics": {"acceptance_rate": "100%", "early_decision_acceptance_rate": "", "total_applicants": "", "sat_range": "", "sat_reading": "", "sat_math": "", "sat_submission_percentage": "", "act_range": "", "act_english": "", "act_math": "", "act_writing": "", "act_submission_percentage": ""}, "deadlines": {"application_deadline": "", "early_decision_deadline": "", "early_action_deadline": "", "offers_early_decision": "", "offers_early_action": "", "application_fee": "$40", "application_website": "kent.edu/geauga/financial-aid-scholarships", "accepts_common_app": "", "accepts_coalition_app": "No"}, "requirements": {"gpa": "\u2014", "rank": "\u2014", "transcript": "\u2014", "college_prep_coures": "\u2014", "sat/act": "\u2014", "recommendations": "\u2014"}}}, "Curry CollegeThis college has been claimed by the college or a college representative.": {"niche_report_card": {"Academics": "C", "Value": "B", "Diversity": "A-", "Campus": "C-", "Athletics": "C+", "Party Scene": "C+", "Professors": "C", "Location": "C", "Dorms": "C", "Campus Food": "C", "Student Life": "C-", "Safety": "B-"}, "after_college": {"median_earning_6_years": "$45,900", "graduation_rate": "52%", "employment_rate": "95%"}, "students": {"full_time": "2,059", "part_time": "506", "over_25": "5%", "pell_grant": "34%", "varsity_athletes": "17%"}, "popular_majors": ["Nursing", "Criminal Justice and Safety Studies", "Business", "Communications", "Psychology", "Health Professions", "Liberal Arts and Humanities", "Education", "Information Science", "Biology"], "cost": {"net_price": "$30,565", "average_aid": "$22,973", "percentage_aid": "99%"}, "admissions": {"statistics": {"acceptance_rate": "90%", "early_decision_acceptance_rate": "", "total_applicants": "5,849", "sat_range": "930-1100", "sat_reading": "470-560", "sat_math": "460-540", "sat_submission_percentage": "93%", "act_range": "18-23", "act_english": "17-22", "act_math": "17-24", "act_writing": "", "act_submission_percentage": "10%"}, "deadlines": {"application_deadline": "", "early_decision_deadline": "", "early_action_deadline": "December 1", "offers_early_decision": "", "offers_early_action": "", "application_fee": "$50", "application_website": "curry.edu/apply", "accepts_common_app": "Yes", "accepts_coalition_app": "No"}, "requirements": {"gpa": "Required", "rank": "Recommended", "transcript": "Required", "college_prep_coures": "Required", "sat/act": "Required", "recommendations": "Required"}}}, "Santa Ana College": {"niche_report_card": {"Academics": "C-", "Value": "C+", "Diversity": "A-", "Campus": "B-", "Athletics": "C", "Party Scene": "B-", "Professors": "C", "Location": "A-", "Dorms": "NG", "Campus Food": "NG", "Student Life": "B", "Safety": "B+"}, "after_college": {"median_earning_6_years": "$33,800", "graduation_rate": "25%", "employment_rate": "85%"}, "students": {"full_time": "5,469", "part_time": "22,614", "over_25": "18%", "pell_grant": "44%", "varsity_athletes": "6%"}, "popular_majors": ["Liberal Arts and Humanities", "Business", "Natural Sciences", "Fire Protection and Prevention", "Medical Assistant", "Psychology", "Child Care Provider", "Nursing", "Accounting Technician and Bookkeeping", "Manufacturing Engineering Technician"], "cost": {"net_price": "$6,931", "average_aid": "$3,704", "percentage_aid": "85%"}, "admissions": {"statistics": {"acceptance_rate": "100%", "early_decision_acceptance_rate": "", "total_applicants": "", "sat_range": "", "sat_reading": "", "sat_math": "", "sat_submission_percentage": "", "act_range": "", "act_english": "", "act_math": "", "act_writing": "", "act_submission_percentage": ""}, "deadlines": {"application_deadline": "", "early_decision_deadline": "", "early_action_deadline": "", "offers_early_decision": "", "offers_early_action": "", "application_fee": "$0", "application_website": "sac.edu/studentservices/admissionsrecords/pages/default.aspx", "accepts_common_app": "", "accepts_coalition_app": "No"}, "requirements": {"gpa": "\u2014", "rank": "\u2014", "transcript": "\u2014", "college_prep_coures": "\u2014", "sat/act": "\u2014", "recommendations": "\u2014"}}}, "Mississippi Valley State UniversityThis college has been claimed by the college or a college representative.": {"niche_report_card": {"Academics": "C+", "Value": "C", "Diversity": "B", "Campus": "D+", "Athletics": "B", "Party Scene": "B+", "Professors": "B+", "Location": "D", "Dorms": "C-", "Campus Food": "B-", "Student Life": "C", "Safety": "B-"}, "after_college": {"median_earning_6_years": "$23,200", "graduation_rate": "30%", "employment_rate": "91%"}, "students": {"full_time": "1,667", "part_time": "310", "over_25": "13%", "pell_grant": "73%", "varsity_athletes": "16%"}, "popular_majors": ["Social Work and Youth Services", "Kindergarten and Preschool Education", "Sport and Fitness Management", "Business", "Biology", "Criminal Justice and Safety Studies", "Liberal Arts and Humanities", "Manufacturing Engineering Technician", "Public Relations", "Mathematics"], "cost": {"net_price": "$13,419", "average_aid": "$6,728", "percentage_aid": "95%"}, "admissions": {"statistics": {"acceptance_rate": "86%", "early_decision_acceptance_rate": "", "total_applicants": "2,310", "sat_range": "", "sat_reading": "", "sat_math": "", "sat_submission_percentage": "0%", "act_range": "16-19", "act_english": "14-19", "act_math": "16-18", "act_writing": "", "act_submission_percentage": "100%"}, "deadlines": {"application_deadline": "", "early_decision_deadline": "", "early_action_deadline": "", "offers_early_decision": "", "offers_early_action": "", "application_fee": "$0", "application_website": "bannerssb.mvsu.edu:8020/prod/twbkwbis.p_genmenu?name=homepage", "accepts_common_app": "", "accepts_coalition_app": "No"}, "requirements": {"gpa": "Required", "rank": "Neither required nor recommended", "transcript": "Required", "college_prep_coures": "Required", "sat/act": "Required", "recommendations": "Neither required nor recommended"}}}, "West Los Angeles College": {"niche_report_card": {"Academics": "C-", "Value": "C", "Diversity": "A-", "Campus": "A", "Athletics": "C", "Party Scene": "B", "Professors": "C", "Location": "A", "Dorms": "NG", "Campus Food": "NG", "Student Life": "B+", "Safety": "A+"}, "after_college": {"median_earning_6_years": "$31,500", "graduation_rate": "16%", "employment_rate": "81%"}, "students": {"full_time": "2,632", "part_time": "7,845", "over_25": "28%", "pell_grant": "40%", "varsity_athletes": "10%"}, "popular_majors": ["Liberal Arts and Humanities", "Police and Criminal Science", "Business", "Computer Systems Networking and Telecommunications", "Aircraft Maintenance", "Child Care Provider", "Medical Assistant", "Psychology", "Cinematography and Video Production", "Health Service Preparatory Studies"], "cost": {"net_price": "$8,881", "average_aid": "$4,388", "percentage_aid": "64%"}, "admissions": {"statistics": {"acceptance_rate": "100%", "early_decision_acceptance_rate": "", "total_applicants": "", "sat_range": "", "sat_reading": "", "sat_math": "", "sat_submission_percentage": "", "act_range": "", "act_english": "", "act_math": "", "act_writing": "", "act_submission_percentage": ""}, "deadlines": {"application_deadline": "", "early_decision_deadline": "", "early_action_deadline": "", "offers_early_decision": "", "offers_early_action": "", "application_fee": "$0", "application_website": "laccd.edu/students/opencccapply/applywlac/pages/default.aspx", "accepts_common_app": "", "accepts_coalition_app": "No"}, "requirements": {"gpa": "\u2014", "rank": "\u2014", "transcript": "\u2014", "college_prep_coures": "\u2014", "sat/act": "\u2014", "recommendations": "\u2014"}}}, "Seattle Central College": {"niche_report_card": {"Academics": "C", "Value": "C+", "Diversity": "A-", "Campus": "C+", "Athletics": "NG", "Party Scene": "B-", "Professors": "C+", "Location": "A+", "Dorms": "NG", "Campus Food": "NG", "Student Life": "B", "Safety": "B-"}, "after_college": {"median_earning_6_years": "$32,300", "graduation_rate": "25%", "employment_rate": "78%"}, "students": {"full_time": "3,749", "part_time": "3,179", "over_25": "35%", "pell_grant": "41%", "varsity_athletes": ""}, "popular_majors": ["Liberal Arts and Humanities", "Business", "Early Childhood Education", "Health Service Preparatory Studies", "Physical Sciences", "Mental and Social Health Services", "General Construction Trades", "Medical Assistant", "Nursing", "Baking and Pastry Arts"], "cost": {"net_price": "$4,546", "average_aid": "$6,829", "percentage_aid": "64%"}, "admissions": {"statistics": {"acceptance_rate": "100%", "early_decision_acceptance_rate": "", "total_applicants": "", "sat_range": "", "sat_reading": "", "sat_math": "", "sat_submission_percentage": "", "act_range": "", "act_english": "", "act_math": "", "act_writing": "", "act_submission_percentage": ""}, "deadlines": {"application_deadline": "", "early_decision_deadline": "", "early_action_deadline": "", "offers_early_decision": "", "offers_early_action": "", "application_fee": "$0", "application_website": "public.ctc.edu/applicantwebclient/applicant/applwelcome.aspx", "accepts_common_app": "", "accepts_coalition_app": "No"}, "requirements": {"gpa": "\u2014", "rank": "\u2014", "transcript": "\u2014", "college_prep_coures": "\u2014", "sat/act": "\u2014", "recommendations": "\u2014"}}}, "Lincoln University of Pennsylvania": {"niche_report_card": {"Academics": "C+", "Value": "B-", "Diversity": "A-", "Campus": "C-", "Athletics": "B", "Party Scene": "B", "Professors": "C+", "Location": "D-", "Dorms": "C-", "Campus Food": "C+", "Student Life": "C", "Safety": "C"}, "after_college": {"median_earning_6_years": "$34,600", "graduation_rate": "46%", "employment_rate": "91%"}, "students": {"full_time": "1,826", "part_time": "176", "over_25": "4%", "pell_grant": "67%", "varsity_athletes": "14%"}, "popular_majors": ["Human Services", "Health Service Preparatory Studies", "Criminal Justice and Safety Studies", "Digital Communication and Media/Multimedia", "Biology", "Business", "Information Science", "Nursing", "Political Science and Government", "Accounting"], "cost": {"net_price": "$18,290", "average_aid": "$8,524", "percentage_aid": "99%"}, "admissions": {"statistics": {"acceptance_rate": "80%", "early_decision_acceptance_rate": "", "total_applicants": "3,587", "sat_range": "870-1070", "sat_reading": "440-540", "sat_math": "430-530", "sat_submission_percentage": "90%", "act_range": "16-21", "act_english": "15-20", "act_math": "16-19", "act_writing": "", "act_submission_percentage": "16%"}, "deadlines": {"application_deadline": "May 1", "early_decision_deadline": "", "early_action_deadline": "", "offers_early_decision": "No", "offers_early_action": "No", "application_fee": "$20", "application_website": "lincoln.edu/admissions/apply-now", "accepts_common_app": "Yes", "accepts_coalition_app": "No"}, "requirements": {"gpa": "Required", "rank": "Considered but not required", "transcript": "Required", "college_prep_coures": "Neither required nor recommended", "sat/act": "Required", "recommendations": "Neither required nor recommended"}}}, "Northern New Mexico College": {"niche_report_card": {"Academics": "C", "Value": "C", "Diversity": "B", "Campus": "C+", "Athletics": "C+", "Party Scene": "NG", "Professors": "B", "Location": "C-", "Dorms": "NG", "Campus Food": "NG", "Student Life": "C", "Safety": "A+"}, "after_college": {"median_earning_6_years": "$27,900", "graduation_rate": "23%", "employment_rate": "78%"}, "students": {"full_time": "629", "part_time": "319", "over_25": "36%", "pell_grant": "70%", "varsity_athletes": "12%"}, "popular_majors": ["Business", "Electrical Engineering Technician", "Liberal Arts and Humanities", "Environmental Science", "Lab Technician", "Licensed Practical Nurse Training (LPN)", "Nursing", "Elementary Education", "Social Work and Youth Services", "Accounting"], "cost": {"net_price": "$6,891", "average_aid": "$6,325", "percentage_aid": "91%"}, "admissions": {"statistics": {"acceptance_rate": "100%", "early_decision_acceptance_rate": "", "total_applicants": "", "sat_range": "", "sat_reading": "", "sat_math": "", "sat_submission_percentage": "", "act_range": "", "act_english": "", "act_math": "", "act_writing": "", "act_submission_percentage": ""}, "deadlines": {"application_deadline": "", "early_decision_deadline": "", "early_action_deadline": "", "offers_early_decision": "", "offers_early_action": "", "application_fee": "$0", "application_website": "nnmc.edu/wp-content/uploads/2010/07/nnmc_application_for_admission1.pdf", "accepts_common_app": "", "accepts_coalition_app": "No"}, "requirements": {"gpa": "\u2014", "rank": "\u2014", "transcript": "\u2014", "college_prep_coures": "\u2014", "sat/act": "\u2014", "recommendations": "\u2014"}}}, "St. Augustine College": {"niche_report_card": {"Academics": "C", "Value": "B-", "Diversity": "B", "Campus": "B-", "Athletics": "NG", "Party Scene": "NG", "Professors": "C+", "Location": "A-", "Dorms": "NG", "Campus Food": "NG", "Student Life": "B-", "Safety": "A"}, "after_college": {"median_earning_6_years": "$26,300", "graduation_rate": "39%", "employment_rate": "82%"}, "students": {"full_time": "955", "part_time": "301", "over_25": "55%", "pell_grant": "82%", "varsity_athletes": ""}, "popular_majors": ["Early Childhood Education", "Liberal Arts and Humanities", "Social Work and Youth Services", "Respiratory Care Therapy", "Business", "Accounting Technician and Bookkeeping", "Culinary Arts and Food Service", "Information Science", "Psychology", "Business Support Services"], "cost": {"net_price": "$8,373", "average_aid": "$11,386", "percentage_aid": "87%"}, "admissions": {"statistics": {"acceptance_rate": "100%", "early_decision_acceptance_rate": "", "total_applicants": "", "sat_range": "", "sat_reading": "", "sat_math": "", "sat_submission_percentage": "", "act_range": "", "act_english": "", "act_math": "", "act_writing": "", "act_submission_percentage": ""}, "deadlines": {"application_deadline": "", "early_decision_deadline": "", "early_action_deadline": "", "offers_early_decision": "", "offers_early_action": "", "application_fee": "$0", "application_website": "staugustine.edu", "accepts_common_app": "", "accepts_coalition_app": "No"}, "requirements": {"gpa": "\u2014", "rank": "\u2014", "transcript": "\u2014", "college_prep_coures": "\u2014", "sat/act": "\u2014", "recommendations": "\u2014"}}}, "Becker CollegeThis college has been claimed by the college or a college representative.": {"niche_report_card": {"Academics": "C+", "Value": "C+", "Diversity": "A-", "Campus": "C", "Athletics": "C+", "Party Scene": "B-", "Professors": "C-", "Location": "B", "Dorms": "C+", "Campus Food": "C+", "Student Life": "C", "Safety": "A-"}, "after_college": {"median_earning_6_years": "$43,800", "graduation_rate": "38%", "employment_rate": "94%"}, "students": {"full_time": "1,530", "part_time": "352", "over_25": "7%", "pell_grant": "32%", "varsity_athletes": "26%"}, "popular_majors": ["Veterinary Technician and Assistant", "Game Design and Interactive Media", "Nursing", "Psychology", "Business", "Veterinary Sciences", "Animal Training", "Sport and Fitness Management", "Kinesiology and Exercise Science", "Biology"], "cost": {"net_price": "$33,344", "average_aid": "$18,954", "percentage_aid": "100%"}, "admissions": {"statistics": {"acceptance_rate": "69%", "early_decision_acceptance_rate": "", "total_applicants": "4,972", "sat_range": "970-1160", "sat_reading": "490-590", "sat_math": "480-570", "sat_submission_percentage": "87%", "act_range": "20-26", "act_english": "19-27", "act_math": "18-25", "act_writing": "", "act_submission_percentage": "17%"}, "deadlines": {"application_deadline": "Rolling Admissions", "early_decision_deadline": "November 15", "early_action_deadline": "November 15", "offers_early_decision": "Yes", "offers_early_action": "Yes", "application_fee": "$0", "application_website": "becker.edu/apply", "accepts_common_app": "Yes", "accepts_coalition_app": "No"}, "requirements": {"gpa": "Required", "rank": "Recommended", "transcript": "Required", "college_prep_coures": "Required", "sat/act": "Required", "recommendations": "Recommended"}}}, "Community College of Denver": {"niche_report_card": {"Academics": "C-", "Value": "C", "Diversity": "A-", "Campus": "A", "Athletics": "NG", "Party Scene": "A-", "Professors": "C", "Location": "A", "Dorms": "NG", "Campus Food": "NG", "Student Life": "A-", "Safety": "B-"}, "after_college": {"median_earning_6_years": "$31,500", "graduation_rate": "10%", "employment_rate": "81%"}, "students": {"full_time": "2,441", "part_time": "6,115", "over_25": "30%", "pell_grant": "59%", "varsity_athletes": ""}, "popular_majors": ["Liberal Arts and Humanities", "Nursing Assistant", "Early Childhood Education", "Welding", "Management Sciences and Information Systems", "Mental Health Counseling", "Veterinary Technician and Assistant", "Accounting Technician and Bookkeeping", "Radiologic Technician", "Paralegal"], "cost": {"net_price": "$8,962", "average_aid": "$6,235", "percentage_aid": "80%"}, "admissions": {"statistics": {"acceptance_rate": "100%", "early_decision_acceptance_rate": "", "total_applicants": "", "sat_range": "", "sat_reading": "", "sat_math": "", "sat_submission_percentage": "", "act_range": "", "act_english": "", "act_math": "", "act_writing": "", "act_submission_percentage": ""}, "deadlines": {"application_deadline": "", "early_decision_deadline": "", "early_action_deadline": "", "offers_early_decision": "", "offers_early_action": "", "application_fee": "$0", "application_website": "apply.cccs.edu/applyccd/pages/welcome.aspx", "accepts_common_app": "", "accepts_coalition_app": "No"}, "requirements": {"gpa": "\u2014", "rank": "\u2014", "transcript": "\u2014", "college_prep_coures": "\u2014", "sat/act": "\u2014", "recommendations": "\u2014"}}}, "University of Maine at Presque IsleThis college has been claimed by the college or a college representative.": {"niche_report_card": {"Academics": "C", "Value": "B-", "Diversity": "A-", "Campus": "C-", "Athletics": "C+", "Party Scene": "C", "Professors": "B-", "Location": "C", "Dorms": "C-", "Campus Food": "B-", "Student Life": "C-", "Safety": "C"}, "after_college": {"median_earning_6_years": "$32,400", "graduation_rate": "29%", "employment_rate": "90%"}, "students": {"full_time": "716", "part_time": "698", "over_25": "23%", "pell_grant": "58%", "varsity_athletes": "18%"}, "popular_majors": ["Liberal Arts and Humanities", "Business", "Criminal Justice and Safety Studies", "Psychology", "Social Work and Youth Services", "Physical Therapy Technician", "Biology", "Elementary Education", "Environmental Science", "Athletic Training"], "cost": {"net_price": "$9,647", "average_aid": "$6,490", "percentage_aid": "96%"}, "admissions": {"statistics": {"acceptance_rate": "95%", "early_decision_acceptance_rate": "", "total_applicants": "1,424", "sat_range": "", "sat_reading": "", "sat_math": "", "sat_submission_percentage": "", "act_range": "", "act_english": "", "act_math": "", "act_writing": "", "act_submission_percentage": ""}, "deadlines": {"application_deadline": "", "early_decision_deadline": "", "early_action_deadline": "", "offers_early_decision": "", "offers_early_action": "", "application_fee": "$40", "application_website": "beech.unet.maine.edu/eapp/pls/eamenu.logon_index_page", "accepts_common_app": "Yes", "accepts_coalition_app": "No"}, "requirements": {"gpa": "Required", "rank": "Recommended", "transcript": "Required", "college_prep_coures": "Recommended", "sat/act": "Recommended", "recommendations": "Required"}}}, "The Art Institute of San Antonio": {"niche_report_card": {"Academics": "C", "Value": "C", "Diversity": "A-", "Campus": "B", "Athletics": "NG", "Party Scene": "NG", "Professors": "C", "Location": "B", "Dorms": "NG", "Campus Food": "NG", "Student Life": "B", "Safety": "A+"}, "after_college": {"median_earning_6_years": "$34,100", "graduation_rate": "25%", "employment_rate": "87%"}, "students": {"full_time": "554", "part_time": "193", "over_25": "42%", "pell_grant": "66%", "varsity_athletes": ""}, "popular_majors": ["Baking and Pastry Arts", "Multimedia", "Restaurant and Food Services Management", "Culinary Arts and Food Service", "Web Page and Digital Design", "Commercial Photography", "Interior Design", "Fashion and Apparel Design", "Cinematography and Video Production", "Fashion and Apparel Merchandising"], "cost": {"net_price": "$22,578", "average_aid": "$5,774", "percentage_aid": "94%"}, "admissions": {"statistics": {"acceptance_rate": "100%", "early_decision_acceptance_rate": "", "total_applicants": "270", "sat_range": "", "sat_reading": "", "sat_math": "", "sat_submission_percentage": "", "act_range": "", "act_english": "", "act_math": "", "act_writing": "", "act_submission_percentage": ""}, "deadlines": {"application_deadline": "", "early_decision_deadline": "", "early_action_deadline": "", "offers_early_decision": "", "offers_early_action": "", "application_fee": "$0", "application_website": "artinstitutes.edu/request-information?source=webap", "accepts_common_app": "", "accepts_coalition_app": "No"}, "requirements": {"gpa": "Required", "rank": "Neither required nor recommended", "transcript": "Required", "college_prep_coures": "Neither required nor recommended", "sat/act": "Neither required nor recommended", "recommendations": "Neither required nor recommended"}}}, "CUNY Medgar Evers College": {"niche_report_card": {"Academics": "C", "Value": "C+", "Diversity": "B", "Campus": "B", "Athletics": "C", "Party Scene": "B", "Professors": "B", "Location": "A+", "Dorms": "NG", "Campus Food": "NG", "Student Life": "B-", "Safety": "A"}, "after_college": {"median_earning_6_years": "$35,900", "graduation_rate": "12%", "employment_rate": "87%"}, "students": {"full_time": "4,806", "part_time": "1,846", "over_25": "35%", "pell_grant": "77%", "varsity_athletes": "3%"}, "popular_majors": ["Physical Sciences", "Business", "Liberal Arts and Humanities", "Biology", "Nursing", "Psychology", "Social Work and Youth Services", "Accounting", "Teaching Assistant", "Public Administration"], "cost": {"net_price": "$6,357", "average_aid": "$8,260", "percentage_aid": "87%"}, "admissions": {"statistics": {"acceptance_rate": "100%", "early_decision_acceptance_rate": "", "total_applicants": "8,306", "sat_range": "750-925", "sat_reading": "358-453", "sat_math": "398-463", "sat_submission_percentage": "46%", "act_range": "", "act_english": "", "act_math": "", "act_writing": "", "act_submission_percentage": ""}, "deadlines": {"application_deadline": "", "early_decision_deadline": "", "early_action_deadline": "", "offers_early_decision": "", "offers_early_action": "", "application_fee": "$65", "application_website": "www2.cuny.edu/admissions/undergraduate/apply", "accepts_common_app": "", "accepts_coalition_app": "No"}, "requirements": {"gpa": "Neither required nor recommended", "rank": "Neither required nor recommended", "transcript": "Neither required nor recommended", "college_prep_coures": "Recommended", "sat/act": "Recommended", "recommendations": "Neither required nor recommended"}}}, "Broward College": {"niche_report_card": {"Academics": "C-", "Value": "B-", "Diversity": "A-", "Campus": "B+", "Athletics": "C+", "Party Scene": "B-", "Professors": "C", "Location": "A", "Dorms": "NG", "Campus Food": "NG", "Student Life": "B+", "Safety": "A-"}, "after_college": {"median_earning_6_years": "$34,900", "graduation_rate": "30%", "employment_rate": "88%"}, "students": {"full_time": "12,037", "part_time": "28,717", "over_25": "24%", "pell_grant": "67%", "varsity_athletes": "1%"}, "popular_majors": ["Liberal Arts and Humanities", "Business", "Accounting Technician and Bookkeeping", "Emergency Medical Technician (EMT Paramedic)", "Nursing", "Police and Criminal Science", "Child Care Provider", "Aircraft Maintenance", "Information Technology", "Entrepreneurship"], "cost": {"net_price": "$8,734", "average_aid": "$4,849", "percentage_aid": "77%"}, "admissions": {"statistics": {"acceptance_rate": "100%", "early_decision_acceptance_rate": "", "total_applicants": "", "sat_range": "", "sat_reading": "", "sat_math": "", "sat_submission_percentage": "", "act_range": "", "act_english": "", "act_math": "", "act_writing": "", "act_submission_percentage": ""}, "deadlines": {"application_deadline": "", "early_decision_deadline": "", "early_action_deadline": "", "offers_early_decision": "", "offers_early_action": "", "application_fee": "$35", "application_website": "broward.edu/admissions/pages/default.aspx", "accepts_common_app": "", "accepts_coalition_app": "No"}, "requirements": {"gpa": "\u2014", "rank": "\u2014", "transcript": "\u2014", "college_prep_coures": "\u2014", "sat/act": "\u2014", "recommendations": "\u2014"}}}, "Spokane Community CollegeThis college has been claimed by the college or a college representative.": {"niche_report_card": {"Academics": "C", "Value": "C+", "Diversity": "B", "Campus": "B+", "Athletics": "NG", "Party Scene": "C+", "Professors": "C+", "Location": "B+", "Dorms": "NG", "Campus Food": "NG", "Student Life": "B-", "Safety": "B"}, "after_college": {"median_earning_6_years": "$32,600", "graduation_rate": "26%", "employment_rate": "78%"}, "students": {"full_time": "4,182", "part_time": "5,832", "over_25": "51%", "pell_grant": "47%", "varsity_athletes": ""}, "popular_majors": ["Liberal Arts and Humanities", "Automotive Mechanics", "Nursing", "Electrical Engineering Technician", "Aircraft Maintenance", "Accounting Technician and Bookkeeping", "Medical Assistant", "Precision Production", "Business", "Dental Assisting"], "cost": {"net_price": "$4,880", "average_aid": "$5,866", "percentage_aid": "73%"}, "admissions": {"statistics": {"acceptance_rate": "100%", "early_decision_acceptance_rate": "", "total_applicants": "", "sat_range": "", "sat_reading": "", "sat_math": "", "sat_submission_percentage": "", "act_range": "", "act_english": "", "act_math": "", "act_writing": "", "act_submission_percentage": ""}, "deadlines": {"application_deadline": "", "early_decision_deadline": "", "early_action_deadline": "", "offers_early_decision": "", "offers_early_action": "", "application_fee": "$0", "application_website": "scc.spokane.edu/admissions/apply.aspx", "accepts_common_app": "", "accepts_coalition_app": "No"}, "requirements": {"gpa": "\u2014", "rank": "\u2014", "transcript": "\u2014", "college_prep_coures": "\u2014", "sat/act": "\u2014", "recommendations": "\u2014"}}}, "Pensacola State CollegeThis college has been claimed by the college or a college representative.": {"niche_report_card": {"Academics": "C-", "Value": "C", "Diversity": "B", "Campus": "B+", "Athletics": "C+", "Party Scene": "C+", "Professors": "C+", "Location": "A-", "Dorms": "NG", "Campus Food": "NG", "Student Life": "B", "Safety": "A-"}, "after_college": {"median_earning_6_years": "$28,200", "graduation_rate": "30%", "employment_rate": "84%"}, "students": {"full_time": "3,583", "part_time": "6,072", "over_25": "28%", "pell_grant": "48%", "varsity_athletes": "2%"}, "popular_majors": ["Liberal Arts and Humanities", "Business", "Nursing", "Cosmetology", "Esthetician and Skin Care", "Welding", "Emergency Medical Technician (EMT Paramedic)", "Dental Hygiene", "Child Care Provider", "Barbering"], "cost": {"net_price": "$5,607", "average_aid": "$4,715", "percentage_aid": "71%"}, "admissions": {"statistics": {"acceptance_rate": "100%", "early_decision_acceptance_rate": "", "total_applicants": "", "sat_range": "", "sat_reading": "", "sat_math": "", "sat_submission_percentage": "", "act_range": "", "act_english": "", "act_math": "", "act_writing": "", "act_submission_percentage": ""}, "deadlines": {"application_deadline": "", "early_decision_deadline": "", "early_action_deadline": "", "offers_early_decision": "", "offers_early_action": "", "application_fee": "$30", "application_website": "pensacolastate.edu/admissions", "accepts_common_app": "", "accepts_coalition_app": "No"}, "requirements": {"gpa": "\u2014", "rank": "\u2014", "transcript": "\u2014", "college_prep_coures": "\u2014", "sat/act": "\u2014", "recommendations": "\u2014"}}}, "Northwest Florida State College": {"niche_report_card": {"Academics": "C-", "Value": "C+", "Diversity": "B", "Campus": "A", "Athletics": "B-", "Party Scene": "C+", "Professors": "C", "Location": "B", "Dorms": "NG", "Campus Food": "NG", "Student Life": "B", "Safety": "A+"}, "after_college": {"median_earning_6_years": "$27,800", "graduation_rate": "39%", "employment_rate": "85%"}, "students": {"full_time": "2,482", "part_time": "3,245", "over_25": "25%", "pell_grant": "41%", "varsity_athletes": "3%"}, "popular_majors": ["Liberal Arts and Humanities", "Business", "Nursing", "Criminal Justice and Law Enforcement Administration", "Emergency Medical Technician (EMT Paramedic)", "Child Care Provider", "Police and Criminal Science", "Elementary Education", "Welding", "Dental Assisting"], "cost": {"net_price": "$7,963", "average_aid": "$4,508", "percentage_aid": "66%"}, "admissions": {"statistics": {"acceptance_rate": "100%", "early_decision_acceptance_rate": "", "total_applicants": "", "sat_range": "", "sat_reading": "", "sat_math": "", "sat_submission_percentage": "", "act_range": "", "act_english": "", "act_math": "", "act_writing": "", "act_submission_percentage": ""}, "deadlines": {"application_deadline": "", "early_decision_deadline": "", "early_action_deadline": "", "offers_early_decision": "", "offers_early_action": "", "application_fee": "$0", "application_website": "nwfsc.edu/students/enrollment/admissions/apply_online.cfm", "accepts_common_app": "", "accepts_coalition_app": "No"}, "requirements": {"gpa": "\u2014", "rank": "\u2014", "transcript": "\u2014", "college_prep_coures": "\u2014", "sat/act": "\u2014", "recommendations": "\u2014"}}}, "University of Arkansas at Monticello": {"niche_report_card": {"Academics": "C", "Value": "C", "Diversity": "B+", "Campus": "C-", "Athletics": "B", "Party Scene": "C", "Professors": "B", "Location": "C+", "Dorms": "C", "Campus Food": "C+", "Student Life": "C", "Safety": "B"}, "after_college": {"median_earning_6_years": "$31,500", "graduation_rate": "23%", "employment_rate": "83%"}, "students": {"full_time": "2,197", "part_time": "1,220", "over_25": "15%", "pell_grant": "67%", "varsity_athletes": "12%"}, "popular_majors": ["Liberal Arts and Humanities", "Nursing Assistant", "Heavy Equipment Maintenance Technician", "Welding", "Physical Education Teaching and Coaching", "Child Development", "Agricultural Business", "Business", "Nursing", "Criminal Justice and Safety Studies"], "cost": {"net_price": "$11,260", "average_aid": "$6,849", "percentage_aid": "93%"}, "admissions": {"statistics": {"acceptance_rate": "100%", "early_decision_acceptance_rate": "", "total_applicants": "", "sat_range": "", "sat_reading": "", "sat_math": "", "sat_submission_percentage": "", "act_range": "", "act_english": "", "act_math": "", "act_writing": "", "act_submission_percentage": ""}, "deadlines": {"application_deadline": "", "early_decision_deadline": "", "early_action_deadline": "", "offers_early_decision": "", "offers_early_action": "", "application_fee": "$0", "application_website": "uamonticello.formstack.com/forms/admissions_application", "accepts_common_app": "", "accepts_coalition_app": "No"}, "requirements": {"gpa": "\u2014", "rank": "\u2014", "transcript": "\u2014", "college_prep_coures": "\u2014", "sat/act": "\u2014", "recommendations": "\u2014"}}}, "Stillman College": {"niche_report_card": {"Academics": "C+", "Value": "C", "Diversity": "B", "Campus": "C", "Athletics": "B", "Party Scene": "B-", "Professors": "B", "Location": "B", "Dorms": "B-", "Campus Food": "C", "Student Life": "C-", "Safety": "A"}, "after_college": {"median_earning_6_years": "$28,200", "graduation_rate": "28%", "employment_rate": "91%"}, "students": {"full_time": "552", "part_time": "125", "over_25": "11%", "pell_grant": "87%", "varsity_athletes": "13%"}, "popular_majors": ["Biology", "Business", "Psychology", "History", "Liberal Arts and Humanities", "Physical Education Teaching and Coaching", "Journalism", "Studio Arts", "English", "Education"], "cost": {"net_price": "$18,487", "average_aid": "$1,872", "percentage_aid": "98%"}, "admissions": {"statistics": {"acceptance_rate": "48%", "early_decision_acceptance_rate": "", "total_applicants": "5,123", "sat_range": "740-910", "sat_reading": "350-460", "sat_math": "390-450", "sat_submission_percentage": "8%", "act_range": "14-17", "act_english": "13-19", "act_math": "14-16", "act_writing": "", "act_submission_percentage": "92%"}, "deadlines": {"application_deadline": "", "early_decision_deadline": "", "early_action_deadline": "", "offers_early_decision": "", "offers_early_action": "", "application_fee": "$15", "application_website": "stillman.edu/admissions", "accepts_common_app": "", "accepts_coalition_app": "No"}, "requirements": {"gpa": "Required", "rank": "Recommended", "transcript": "Required", "college_prep_coures": "Neither required nor recommended", "sat/act": "Recommended", "recommendations": "Neither required nor recommended"}}}, "Boricua College": {"niche_report_card": {"Academics": "C-", "Value": "C+", "Diversity": "C", "Campus": "C+", "Athletics": "NG", "Party Scene": "NG", "Professors": "C", "Location": "A", "Dorms": "NG", "Campus Food": "NG", "Student Life": "A-", "Safety": "A"}, "after_college": {"median_earning_6_years": "$32,800", "graduation_rate": "71%", "employment_rate": "81%"}, "students": {"full_time": "769", "part_time": "0", "over_25": "80%", "pell_grant": "89%", "varsity_athletes": ""}, "popular_majors": ["Liberal Arts and Humanities", "Human Services", "Elementary Education", "Business"], "cost": {"net_price": "$16,036", "average_aid": "$4,638", "percentage_aid": "96%"}, "admissions": {"statistics": {"acceptance_rate": "100%", "early_decision_acceptance_rate": "", "total_applicants": "", "sat_range": "", "sat_reading": "", "sat_math": "", "sat_submission_percentage": "", "act_range": "", "act_english": "", "act_math": "", "act_writing": "", "act_submission_percentage": ""}, "deadlines": {"application_deadline": "", "early_decision_deadline": "", "early_action_deadline": "", "offers_early_decision": "", "offers_early_action": "", "application_fee": "$25", "application_website": "boricuacollege.edu/_applynow/applynow.html", "accepts_common_app": "", "accepts_coalition_app": "No"}, "requirements": {"gpa": "\u2014", "rank": "\u2014", "transcript": "\u2014", "college_prep_coures": "\u2014", "sat/act": "\u2014", "recommendations": "\u2014"}}}, "Central State University": {"niche_report_card": {"Academics": "C+", "Value": "C-", "Diversity": "B", "Campus": "C-", "Athletics": "B-", "Party Scene": "A-", "Professors": "B-", "Location": "C-", "Dorms": "C-", "Campus Food": "C+", "Student Life": "C-", "Safety": "C"}, "after_college": {"median_earning_6_years": "$26,100", "graduation_rate": "20%", "employment_rate": "91%"}, "students": {"full_time": "1,710", "part_time": "74", "over_25": "4%", "pell_grant": "83%", "varsity_athletes": "8%"}, "popular_majors": ["Business", "Psychology", "Criminal Justice and Safety Studies", "Biology", "Social Work and Youth Services", "Parks, Recreation and Leisure Studies", "Broadcast Journalism", "Accounting", "Sociology", "English"], "cost": {"net_price": "$12,135", "average_aid": "$6,886", "percentage_aid": "100%"}, "admissions": {"statistics": {"acceptance_rate": "48%", "early_decision_acceptance_rate": "", "total_applicants": "12,517", "sat_range": "710- 880", "sat_reading": "370-440", "sat_math": "340-440", "sat_submission_percentage": "15%", "act_range": "15-18", "act_english": "13-18", "act_math": "15-17", "act_writing": "", "act_submission_percentage": "50%"}, "deadlines": {"application_deadline": "", "early_decision_deadline": "", "early_action_deadline": "", "offers_early_decision": "", "offers_early_action": "", "application_fee": "$20", "application_website": "centralstate.edu/prospects/admissions/apply.html", "accepts_common_app": "", "accepts_coalition_app": "No"}, "requirements": {"gpa": "Required", "rank": "Recommended", "transcript": "Required", "college_prep_coures": "Recommended", "sat/act": "Considered but not required", "recommendations": "Recommended"}}}, "Yakima Valley CollegeThis college has been claimed by the college or a college representative.": {"niche_report_card": {"Academics": "C", "Value": "C", "Diversity": "B", "Campus": "B", "Athletics": "C-", "Party Scene": "B", "Professors": "B-", "Location": "B", "Dorms": "NG", "Campus Food": "NG", "Student Life": "B-", "Safety": "B+"}, "after_college": {"median_earning_6_years": "$33,300", "graduation_rate": "24%", "employment_rate": "86%"}, "students": {"full_time": "2,805", "part_time": "1,202", "over_25": "28%", "pell_grant": "61%", "varsity_athletes": "5%"}, "popular_majors": ["Liberal Arts and Humanities", "Medical Office Assistant", "Early Childhood Education", "Business", "Nursing", "Business Support Services", "Data Processing", "Criminal Justice and Law Enforcement Administration", "Dental Hygiene", "Licensed Practical Nurse Training (LPN)"], "cost": {"net_price": "$7,262", "average_aid": "$5,923", "percentage_aid": "79%"}, "admissions": {"statistics": {"acceptance_rate": "100%", "early_decision_acceptance_rate": "", "total_applicants": "", "sat_range": "", "sat_reading": "", "sat_math": "", "sat_submission_percentage": "", "act_range": "", "act_english": "", "act_math": "", "act_writing": "", "act_submission_percentage": ""}, "deadlines": {"application_deadline": "", "early_decision_deadline": "", "early_action_deadline": "", "offers_early_decision": "", "offers_early_action": "", "application_fee": "$30", "application_website": "public.ctc.edu/applicantwebclient/applicant/applwelcome.aspx", "accepts_common_app": "", "accepts_coalition_app": "No"}, "requirements": {"gpa": "\u2014", "rank": "\u2014", "transcript": "\u2014", "college_prep_coures": "\u2014", "sat/act": "\u2014", "recommendations": "\u2014"}}}, "Midland College": {"niche_report_card": {"Academics": "C-", "Value": "C+", "Diversity": "A-", "Campus": "C+", "Athletics": "B-", "Party Scene": "B-", "Professors": "C+", "Location": "B", "Dorms": "C-", "Campus Food": "B", "Student Life": "B-", "Safety": "A-"}, "after_college": {"median_earning_6_years": "$38,300", "graduation_rate": "19%", "employment_rate": "84%"}, "students": {"full_time": "1,603", "part_time": "3,961", "over_25": "20%", "pell_grant": "39%", "varsity_athletes": "7%"}, "popular_majors": ["Liberal Arts and Humanities", "Nursing", "Business", "Medical Records Technician", "Network, Database, and System Administration", "Drafting and Design (CAD/CADD)", "Business Support Services", "Fire Science and Fire Fighting", "Welding", "Cosmetology"], "cost": {"net_price": "$9,677", "average_aid": "$4,461", "percentage_aid": "78%"}, "admissions": {"statistics": {"acceptance_rate": "100%", "early_decision_acceptance_rate": "", "total_applicants": "", "sat_range": "", "sat_reading": "", "sat_math": "", "sat_submission_percentage": "", "act_range": "", "act_english": "", "act_math": "", "act_writing": "", "act_submission_percentage": ""}, "deadlines": {"application_deadline": "", "early_decision_deadline": "", "early_action_deadline": "", "offers_early_decision": "", "offers_early_action": "", "application_fee": "$0", "application_website": "midland.edu/enrollment-aid/steps-enroll/index.php", "accepts_common_app": "", "accepts_coalition_app": "No"}, "requirements": {"gpa": "\u2014", "rank": "\u2014", "transcript": "\u2014", "college_prep_coures": "\u2014", "sat/act": "\u2014", "recommendations": "\u2014"}}}, "Missouri Valley College": {"niche_report_card": {"Academics": "C+", "Value": "C", "Diversity": "A", "Campus": "C-", "Athletics": "B", "Party Scene": "C+", "Professors": "C", "Location": "C-", "Dorms": "C", "Campus Food": "C+", "Student Life": "C-", "Safety": "B"}, "after_college": {"median_earning_6_years": "$34,000", "graduation_rate": "29%", "employment_rate": "91%"}, "students": {"full_time": "1,296", "part_time": "502", "over_25": "7%", "pell_grant": "56%", "varsity_athletes": "51%"}, "popular_majors": ["Kinesiology and Exercise Science", "Business", "Psychology", "Criminal Justice and Law Enforcement Administration", "Biology", "Merchandising and Buying Operations", "Agricultural Business", "Education", "Elementary Education", "Finance"], "cost": {"net_price": "$20,786", "average_aid": "$13,881", "percentage_aid": "100%"}, "admissions": {"statistics": {"acceptance_rate": "54%", "early_decision_acceptance_rate": "", "total_applicants": "2,300", "sat_range": "790-900", "sat_reading": "380-480", "sat_math": "400-520", "sat_submission_percentage": "12%", "act_range": "17-21", "act_english": "15-21", "act_math": "16-20", "act_writing": "", "act_submission_percentage": "87%"}, "deadlines": {"application_deadline": "", "early_decision_deadline": "", "early_action_deadline": "", "offers_early_decision": "", "offers_early_action": "", "application_fee": "$0", "application_website": "cacloudservices.com/apply/7220/caindex.cgi", "accepts_common_app": "", "accepts_coalition_app": "No"}, "requirements": {"gpa": "Required", "rank": "Recommended", "transcript": "Required", "college_prep_coures": "Recommended", "sat/act": "Recommended", "recommendations": "Recommended"}}}, "Marymount California UniversityThis college has been claimed by the college or a college representative.": {"niche_report_card": {"Academics": "C", "Value": "C", "Diversity": "A+", "Campus": "C+", "Athletics": "C+", "Party Scene": "NG", "Professors": "B-", "Location": "C+", "Dorms": "C", "Campus Food": "B", "Student Life": "B-", "Safety": "A+"}, "after_college": {"median_earning_6_years": "$35,900", "graduation_rate": "35%", "employment_rate": "87%"}, "students": {"full_time": "887", "part_time": "42", "over_25": "8%", "pell_grant": "40%", "varsity_athletes": "24%"}, "popular_majors": ["Liberal Arts and Humanities", "Business", "Psychology", "Graphic Design", "Criminal Justice and Safety Studies"], "cost": {"net_price": "$30,179", "average_aid": "$20,059", "percentage_aid": "86%"}, "admissions": {"statistics": {"acceptance_rate": "100%", "early_decision_acceptance_rate": "", "total_applicants": "", "sat_range": "", "sat_reading": "", "sat_math": "", "sat_submission_percentage": "", "act_range": "", "act_english": "", "act_math": "", "act_writing": "", "act_submission_percentage": ""}, "deadlines": {"application_deadline": "", "early_decision_deadline": "", "early_action_deadline": "", "offers_early_decision": "", "offers_early_action": "", "application_fee": "$50", "application_website": "marymountcalifornia.edu/apply-online", "accepts_common_app": "Yes", "accepts_coalition_app": "No"}, "requirements": {"gpa": "\u2014", "rank": "\u2014", "transcript": "\u2014", "college_prep_coures": "\u2014", "sat/act": "\u2014", "recommendations": "\u2014"}}}, "Oglala Lakota College": {"niche_report_card": {"Academics": "C+", "Value": "C-", "Diversity": "C+", "Campus": "C", "Athletics": "D+", "Party Scene": "NG", "Professors": "A-", "Location": "NG", "Dorms": "NG", "Campus Food": "NG", "Student Life": "C+", "Safety": "A"}, "after_college": {"median_earning_6_years": "$17,700", "graduation_rate": "7%", "employment_rate": "71%"}, "students": {"full_time": "715", "part_time": "501", "over_25": "53%", "pell_grant": "92%", "varsity_athletes": "4%"}, "popular_majors": ["Minority and Ethnic Studies", "Nursing", "Business", "Early Childhood Education", "Elementary Education", "General Construction Trades", "Social Work and Youth Services", "Business Support Services", "Electrician", "Information Technology"], "cost": {"net_price": "$306", "average_aid": "$8,978", "percentage_aid": "98%"}, "admissions": {"statistics": {"acceptance_rate": "100%", "early_decision_acceptance_rate": "", "total_applicants": "", "sat_range": "", "sat_reading": "", "sat_math": "", "sat_submission_percentage": "", "act_range": "", "act_english": "", "act_math": "", "act_writing": "", "act_submission_percentage": ""}, "deadlines": {"application_deadline": "", "early_decision_deadline": "", "early_action_deadline": "", "offers_early_decision": "", "offers_early_action": "", "application_fee": "$40", "application_website": "olc.edu/student_services/students/new_students.htm", "accepts_common_app": "", "accepts_coalition_app": "No"}, "requirements": {"gpa": "\u2014", "rank": "\u2014", "transcript": "\u2014", "college_prep_coures": "\u2014", "sat/act": "\u2014", "recommendations": "\u2014"}}}, "Daytona State College": {"niche_report_card": {"Academics": "C-", "Value": "C", "Diversity": "B", "Campus": "B", "Athletics": "C+", "Party Scene": "B-", "Professors": "C+", "Location": "B+", "Dorms": "NG", "Campus Food": "NG", "Student Life": "B", "Safety": "A-"}, "after_college": {"median_earning_6_years": "$28,700", "graduation_rate": "36%", "employment_rate": "83%"}, "students": {"full_time": "5,494", "part_time": "8,476", "over_25": "27%", "pell_grant": "57%", "varsity_athletes": "3%"}, "popular_majors": ["Liberal Arts and Humanities", "Business", "Nursing", "Emergency Medical Technician (EMT Paramedic)", "Police and Criminal Science", "Information Technology", "Cosmetology", "Entrepreneurship", "Network, Database, and System Administration", "Fire Science and Fire Fighting"], "cost": {"net_price": "$6,064", "average_aid": "$5,226", "percentage_aid": "76%"}, "admissions": {"statistics": {"acceptance_rate": "100%", "early_decision_acceptance_rate": "", "total_applicants": "", "sat_range": "", "sat_reading": "", "sat_math": "", "sat_submission_percentage": "", "act_range": "", "act_english": "", "act_math": "", "act_writing": "", "act_submission_percentage": ""}, "deadlines": {"application_deadline": "", "early_decision_deadline": "", "early_action_deadline": "", "offers_early_decision": "", "offers_early_action": "", "application_fee": "$0", "application_website": "csprd1.daytonastate.edu:8643/psc/cibaa/employee/sa/c/cibaa_mnu.cibaa_login_cmp.gbl", "accepts_common_app": "", "accepts_coalition_app": "No"}, "requirements": {"gpa": "\u2014", "rank": "\u2014", "transcript": "\u2014", "college_prep_coures": "\u2014", "sat/act": "\u2014", "recommendations": "\u2014"}}}, "Rasmussen College - St. CloudThis college has been claimed by the college or a college representative.": {"niche_report_card": {"Academics": "C", "Value": "C+", "Diversity": "B-", "Campus": "B-", "Athletics": "NG", "Party Scene": "NG", "Professors": "C", "Location": "B-", "Dorms": "NG", "Campus Food": "NG", "Student Life": "B-", "Safety": "A"}, "after_college": {"median_earning_6_years": "$32,600", "graduation_rate": "34%", "employment_rate": "85%"}, "students": {"full_time": "1,845", "part_time": "2,661", "over_25": "65%", "pell_grant": "59%", "varsity_athletes": ""}, "popular_majors": ["Nursing", "Medical Assistant", "Licensed Practical Nurse Training (LPN)", "Medical Insurance Coding", "Police and Criminal Science", "Business", "Early Childhood Education", "Medical Records Technician", "Accounting Technician and Bookkeeping", "Management Sciences and Information Systems"], "cost": {"net_price": "$16,288", "average_aid": "$5,604", "percentage_aid": "87%"}, "admissions": {"statistics": {"acceptance_rate": "100%", "early_decision_acceptance_rate": "", "total_applicants": "508", "sat_range": "", "sat_reading": "", "sat_math": "", "sat_submission_percentage": "", "act_range": "", "act_english": "", "act_math": "", "act_writing": "", "act_submission_percentage": ""}, "deadlines": {"application_deadline": "", "early_decision_deadline": "", "early_action_deadline": "", "offers_early_decision": "", "offers_early_action": "", "application_fee": "$0", "application_website": "rasmussen.edu", "accepts_common_app": "", "accepts_coalition_app": "No"}, "requirements": {"gpa": "Recommended", "rank": "Neither required nor recommended", "transcript": "Recommended", "college_prep_coures": "Neither required nor recommended", "sat/act": "Recommended", "recommendations": "Neither required nor recommended"}}}, "West Virginia University at Parkersburg": {"niche_report_card": {"Academics": "C-", "Value": "C+", "Diversity": "C+", "Campus": "B-", "Athletics": "NG", "Party Scene": "NG", "Professors": "C+", "Location": "B", "Dorms": "NG", "Campus Food": "NG", "Student Life": "B+", "Safety": "A"}, "after_college": {"median_earning_6_years": "$28,000", "graduation_rate": "36%", "employment_rate": "82%"}, "students": {"full_time": "1,501", "part_time": "981", "over_25": "34%", "pell_grant": "55%", "varsity_athletes": ""}, "popular_majors": ["Liberal Arts and Humanities", "Business", "Nursing", "Welding", "Criminal Justice and Safety Studies", "Engineering Technician", "Elementary Education", "Police and Criminal Science", "Child Development", "Information Technology"], "cost": {"net_price": "$6,910", "average_aid": "$2,730", "percentage_aid": "78%"}, "admissions": {"statistics": {"acceptance_rate": "100%", "early_decision_acceptance_rate": "", "total_applicants": "", "sat_range": "", "sat_reading": "", "sat_math": "", "sat_submission_percentage": "", "act_range": "", "act_english": "", "act_math": "", "act_writing": "", "act_submission_percentage": ""}, "deadlines": {"application_deadline": "", "early_decision_deadline": "", "early_action_deadline": "", "offers_early_decision": "", "offers_early_action": "", "application_fee": "$0", "application_website": "", "accepts_common_app": "", "accepts_coalition_app": "No"}, "requirements": {"gpa": "\u2014", "rank": "\u2014", "transcript": "\u2014", "college_prep_coures": "\u2014", "sat/act": "\u2014", "recommendations": "\u2014"}}}, "Daymar Institute - Clarksville": {"niche_report_card": {"Academics": "C", "Value": "C-", "Diversity": "B-", "Campus": "NG", "Athletics": "NG", "Party Scene": "NG", "Professors": "C-", "Location": "C+", "Dorms": "NG", "Campus Food": "NG", "Student Life": "A-", "Safety": "B-"}, "after_college": {"median_earning_6_years": "$23,500", "graduation_rate": "49%", "employment_rate": "81%"}, "students": {"full_time": "642", "part_time": "383", "over_25": "72%", "pell_grant": "85%", "varsity_athletes": ""}, "popular_majors": ["Medical Assistant", "Criminal Justice and Law Enforcement Administration", "Business", "Medical Insurance Coding", "Dental Assisting", "Healthcare Management", "Pharmacy Technician", "Information Technology", "Physical Therapy Technician", "Human Resources"], "cost": {"net_price": "$24,502", "average_aid": "$2,085", "percentage_aid": "96%"}, "admissions": {"statistics": {"acceptance_rate": "100%", "early_decision_acceptance_rate": "", "total_applicants": "", "sat_range": "", "sat_reading": "", "sat_math": "", "sat_submission_percentage": "", "act_range": "", "act_english": "", "act_math": "", "act_writing": "", "act_submission_percentage": ""}, "deadlines": {"application_deadline": "", "early_decision_deadline": "", "early_action_deadline": "", "offers_early_decision": "", "offers_early_action": "", "application_fee": "$0", "application_website": "daymarcollege.edu/application-admission", "accepts_common_app": "", "accepts_coalition_app": "No"}, "requirements": {"gpa": "\u2014", "rank": "\u2014", "transcript": "\u2014", "college_prep_coures": "\u2014", "sat/act": "\u2014", "recommendations": "\u2014"}}}, "Lincoln College": {"niche_report_card": {"Academics": "C", "Value": "C+", "Diversity": "A-", "Campus": "C-", "Athletics": "C", "Party Scene": "NG", "Professors": "C", "Location": "B-", "Dorms": "NG", "Campus Food": "C-", "Student Life": "C", "Safety": "A"}, "after_college": {"median_earning_6_years": "$30,900", "graduation_rate": "31%", "employment_rate": "91%"}, "students": {"full_time": "755", "part_time": "366", "over_25": "5%", "pell_grant": "79%", "varsity_athletes": "24%"}, "popular_majors": ["Liberal Arts and Humanities", "Business", "Nursing", "Criminal Justice and Safety Studies", "Esthetician and Skin Care", "Cosmetology", "Healthcare Management", "Drama and Theatre Production", "Entrepreneurship", "Music"], "cost": {"net_price": "$15,830", "average_aid": "$13,924", "percentage_aid": "100%"}, "admissions": {"statistics": {"acceptance_rate": "57%", "early_decision_acceptance_rate": "", "total_applicants": "1,821", "sat_range": "700- 810", "sat_reading": "360-410", "sat_math": "340-400", "sat_submission_percentage": "2%", "act_range": "15-18", "act_english": "14-18", "act_math": "15-17", "act_writing": "", "act_submission_percentage": "91%"}, "deadlines": {"application_deadline": "", "early_decision_deadline": "", "early_action_deadline": "", "offers_early_decision": "", "offers_early_action": "", "application_fee": "$25", "application_website": "lincolncollege.edu/admissions", "accepts_common_app": "", "accepts_coalition_app": "No"}, "requirements": {"gpa": "Required", "rank": "Recommended", "transcript": "Required", "college_prep_coures": "Neither required nor recommended", "sat/act": "Considered but not required", "recommendations": "Recommended"}}}, "CUNY New York City College of TechnologyThis college has been claimed by the college or a college representative.": {"niche_report_card": {"Academics": "C+", "Value": "B-", "Diversity": "A-", "Campus": "D-", "Athletics": "NG", "Party Scene": "B", "Professors": "C+", "Location": "A+", "Dorms": "NG", "Campus Food": "NG", "Student Life": "C-", "Safety": "A-"}, "after_college": {"median_earning_6_years": "$40,600", "graduation_rate": "18%", "employment_rate": "88%"}, "students": {"full_time": "11,030", "part_time": "6,249", "over_25": "18%", "pell_grant": "71%", "varsity_athletes": ""}, "popular_majors": ["Information Science", "Hospitality and Tourism Management", "Electrical Engineering Technician", "Human Services", "Nursing", "Design and Visual Communications", "Mechanical Engineering Technician", "Drafting and Design (CAD/CADD)", "Computer Engineering Technician", "Liberal Arts and Humanities"], "cost": {"net_price": "$5,234", "average_aid": "$8,348", "percentage_aid": "82%"}, "admissions": {"statistics": {"acceptance_rate": "77%", "early_decision_acceptance_rate": "", "total_applicants": "18,163", "sat_range": "843-1030", "sat_reading": "390-508", "sat_math": "460-550", "sat_submission_percentage": "70%", "act_range": "", "act_english": "", "act_math": "", "act_writing": "", "act_submission_percentage": ""}, "deadlines": {"application_deadline": "", "early_decision_deadline": "", "early_action_deadline": "", "offers_early_decision": "", "offers_early_action": "", "application_fee": "$65", "application_website": "cuny.edu/admissions/apply.html", "accepts_common_app": "", "accepts_coalition_app": "No"}, "requirements": {"gpa": "Required", "rank": "Neither required nor recommended", "transcript": "Required", "college_prep_coures": "Neither required nor recommended", "sat/act": "Recommended", "recommendations": "Neither required nor recommended"}}}, "Martin Methodist CollegeThis college has been claimed by the college or a college representative.": {"niche_report_card": {"Academics": "C", "Value": "C+", "Diversity": "B+", "Campus": "C", "Athletics": "B-", "Party Scene": "C", "Professors": "B-", "Location": "D+", "Dorms": "C", "Campus Food": "C+", "Student Life": "C", "Safety": "B-"}, "after_college": {"median_earning_6_years": "$32,700", "graduation_rate": "34%", "employment_rate": "90%"}, "students": {"full_time": "810", "part_time": "167", "over_25": "7%", "pell_grant": "66%", "varsity_athletes": "27%"}, "popular_majors": ["Nursing", "Business", "Psychology", "Sport and Fitness Management", "Criminal Justice and Law Enforcement Administration", "Liberal Arts and Humanities", "Physical Education Teaching and Coaching", "Biology", "Human Services", "Elementary Education"], "cost": {"net_price": "$19,394", "average_aid": "$18,686", "percentage_aid": "100%"}, "admissions": {"statistics": {"acceptance_rate": "99%", "early_decision_acceptance_rate": "", "total_applicants": "690", "sat_range": "", "sat_reading": "", "sat_math": "", "sat_submission_percentage": "0%", "act_range": "18-23", "act_english": "16-24", "act_math": "17-23", "act_writing": "", "act_submission_percentage": "92%"}, "deadlines": {"application_deadline": "", "early_decision_deadline": "", "early_action_deadline": "", "offers_early_decision": "", "offers_early_action": "", "application_fee": "$30", "application_website": "apps.martinmethodist.edu/login.asp", "accepts_common_app": "", "accepts_coalition_app": "No"}, "requirements": {"gpa": "Required", "rank": "Neither required nor recommended", "transcript": "Required", "college_prep_coures": "Neither required nor recommended", "sat/act": "Required", "recommendations": "Neither required nor recommended"}}}, "Franklin Pierce University": {"niche_report_card": {"Academics": "C", "Value": "B-", "Diversity": "A-", "Campus": "C-", "Athletics": "B+", "Party Scene": "B", "Professors": "C", "Location": "D", "Dorms": "C", "Campus Food": "C-", "Student Life": "C", "Safety": "C+"}, "after_college": {"median_earning_6_years": "$39,700", "graduation_rate": "49%", "employment_rate": "95%"}, "students": {"full_time": "1,563", "part_time": "150", "over_25": "6%", "pell_grant": "35%", "varsity_athletes": "35%"}, "popular_majors": ["Health Service Preparatory Studies", "Business", "Nursing", "Criminal Justice and Law Enforcement Administration", "Accounting", "Sport and Fitness Management", "Biology", "Communications", "Marketing", "Psychology"], "cost": {"net_price": "$26,673", "average_aid": "$23,377", "percentage_aid": "100%"}, "admissions": {"statistics": {"acceptance_rate": "76%", "early_decision_acceptance_rate": "", "total_applicants": "5,642", "sat_range": "870-1070", "sat_reading": "430-530", "sat_math": "440-540", "sat_submission_percentage": "52%", "act_range": "17-20", "act_english": "18-23", "act_math": "17-23", "act_writing": "7-8", "act_submission_percentage": "10%"}, "deadlines": {"application_deadline": "", "early_decision_deadline": "", "early_action_deadline": "", "offers_early_decision": "", "offers_early_action": "", "application_fee": "$0", "application_website": "franklinpierce.edu/academics/online/apply.htm", "accepts_common_app": "Yes", "accepts_coalition_app": "No"}, "requirements": {"gpa": "Required", "rank": "Recommended", "transcript": "Required", "college_prep_coures": "Recommended", "sat/act": "Considered but not required", "recommendations": "Required"}}}, "Delaware Technical Community College - Terry": {"niche_report_card": {"Academics": "C-", "Value": "B-", "Diversity": "B", "Campus": "B-", "Athletics": "C-", "Party Scene": "NG", "Professors": "C+", "Location": "C+", "Dorms": "NG", "Campus Food": "NG", "Student Life": "C+", "Safety": "B+"}, "after_college": {"median_earning_6_years": "$31,300", "graduation_rate": "13%", "employment_rate": "86%"}, "students": {"full_time": "4,731", "part_time": "9,464", "over_25": "18%", "pell_grant": "52%", "varsity_athletes": "3%"}, "popular_majors": ["Nursing", "Human Services", "Business", "Police and Criminal Science", "Elementary Education", "Substance Abuse and Addiction Counseling", "Accounting", "Licensed Practical Nurse Training (LPN)", "Information Science", "Kindergarten and Preschool Education"], "cost": {"net_price": "$8,101", "average_aid": "$3,948", "percentage_aid": "87%"}, "admissions": {"statistics": {"acceptance_rate": "100%", "early_decision_acceptance_rate": "", "total_applicants": "", "sat_range": "", "sat_reading": "", "sat_math": "", "sat_submission_percentage": "", "act_range": "", "act_english": "", "act_math": "", "act_writing": "", "act_submission_percentage": ""}, "deadlines": {"application_deadline": "", "early_decision_deadline": "", "early_action_deadline": "", "offers_early_decision": "", "offers_early_action": "", "application_fee": "$0", "application_website": "dtcc.edu/admissions-financial-aid/apply", "accepts_common_app": "", "accepts_coalition_app": "No"}, "requirements": {"gpa": "\u2014", "rank": "\u2014", "transcript": "\u2014", "college_prep_coures": "\u2014", "sat/act": "\u2014", "recommendations": "\u2014"}}}, "Eastern Florida State College": {"niche_report_card": {"Academics": "C", "Value": "C+", "Diversity": "B", "Campus": "C", "Athletics": "C+", "Party Scene": "C", "Professors": "C", "Location": "B", "Dorms": "NG", "Campus Food": "NG", "Student Life": "C+", "Safety": "A-"}, "after_college": {"median_earning_6_years": "$29,300", "graduation_rate": "42%", "employment_rate": "84%"}, "students": {"full_time": "5,349", "part_time": "10,420", "over_25": "24%", "pell_grant": "47%", "varsity_athletes": "4%"}, "popular_majors": ["Liberal Arts and Humanities", "Business", "Lab Technician", "Child Care Provider", "Emergency Medical Technician (EMT Paramedic)", "Nursing", "Nursing Assistant", "Police and Criminal Science", "Fire Science and Fire Fighting", "Information Technology"], "cost": {"net_price": "$5,354", "average_aid": "$4,583", "percentage_aid": "68%"}, "admissions": {"statistics": {"acceptance_rate": "100%", "early_decision_acceptance_rate": "", "total_applicants": "", "sat_range": "", "sat_reading": "", "sat_math": "", "sat_submission_percentage": "", "act_range": "", "act_english": "", "act_math": "", "act_writing": "", "act_submission_percentage": ""}, "deadlines": {"application_deadline": "", "early_decision_deadline": "", "early_action_deadline": "", "offers_early_decision": "", "offers_early_action": "", "application_fee": "$30", "application_website": "bannerweb.easternflorida.edu/prod/bwskalog.p_disploginnon", "accepts_common_app": "", "accepts_coalition_app": "No"}, "requirements": {"gpa": "\u2014", "rank": "\u2014", "transcript": "\u2014", "college_prep_coures": "\u2014", "sat/act": "\u2014", "recommendations": "\u2014"}}}, "University of Maine at AugustaThis college has been claimed by the college or a college representative.": {"niche_report_card": {"Academics": "C", "Value": "C", "Diversity": "B-", "Campus": "C", "Athletics": "D-", "Party Scene": "C-", "Professors": "B-", "Location": "C+", "Dorms": "NG", "Campus Food": "NG", "Student Life": "C-", "Safety": "A"}, "after_college": {"median_earning_6_years": "$27,700", "graduation_rate": "17%", "employment_rate": "80%"}, "students": {"full_time": "1,317", "part_time": "2,697", "over_25": "48%", "pell_grant": "65%", "varsity_athletes": "3%"}, "popular_majors": ["Liberal Arts and Humanities", "Psychiatric and Mental Health Services", "Business", "Nursing", "Mental Health Counseling", "Dental Hygiene", "Library Science", "Veterinary Technician and Assistant", "Information Technology", "Criminal Justice and Law Enforcement Administration"], "cost": {"net_price": "$11,752", "average_aid": "$5,555", "percentage_aid": "86%"}, "admissions": {"statistics": {"acceptance_rate": "100%", "early_decision_acceptance_rate": "", "total_applicants": "", "sat_range": "", "sat_reading": "", "sat_math": "", "sat_submission_percentage": "", "act_range": "", "act_english": "", "act_math": "", "act_writing": "", "act_submission_percentage": ""}, "deadlines": {"application_deadline": "Rolling Admissions", "early_decision_deadline": "", "early_action_deadline": "", "offers_early_decision": "", "offers_early_action": "", "application_fee": "$0", "application_website": "uma.edu/admission/apply", "accepts_common_app": "Yes", "accepts_coalition_app": "No"}, "requirements": {"gpa": "\u2014", "rank": "\u2014", "transcript": "\u2014", "college_prep_coures": "\u2014", "sat/act": "\u2014", "recommendations": "\u2014"}}}, "Bluefield College": {"niche_report_card": {"Academics": "C", "Value": "B", "Diversity": "A-", "Campus": "C-", "Athletics": "B", "Party Scene": "C-", "Professors": "C+", "Location": "C-", "Dorms": "B-", "Campus Food": "C", "Student Life": "D", "Safety": "B+"}, "after_college": {"median_earning_6_years": "$40,900", "graduation_rate": "21%", "employment_rate": "91%"}, "students": {"full_time": "829", "part_time": "119", "over_25": "26%", "pell_grant": "55%", "varsity_athletes": "35%"}, "popular_majors": ["Business", "Human Services", "Nursing", "Criminal Justice and Safety Studies", "Kinesiology and Exercise Science", "Biology", "Liberal Arts and Humanities", "Communications", "Drama and Theatre Production", "Early Childhood Education"], "cost": {"net_price": "$20,227", "average_aid": "$15,946", "percentage_aid": "99%"}, "admissions": {"statistics": {"acceptance_rate": "91%", "early_decision_acceptance_rate": "", "total_applicants": "1,521", "sat_range": "870-1080", "sat_reading": "440-540", "sat_math": "430-540", "sat_submission_percentage": "71%", "act_range": "16-23", "act_english": "15-22", "act_math": "16-21", "act_writing": "", "act_submission_percentage": "33%"}, "deadlines": {"application_deadline": "", "early_decision_deadline": "", "early_action_deadline": "", "offers_early_decision": "", "offers_early_action": "", "application_fee": "$0", "application_website": "bluefield.edu/applynow", "accepts_common_app": "", "accepts_coalition_app": "No"}, "requirements": {"gpa": "Required", "rank": "Required", "transcript": "Required", "college_prep_coures": "Recommended", "sat/act": "Required", "recommendations": "Neither required nor recommended"}}}, "Fisher CollegeThis college has been claimed by the college or a college representative.": {"niche_report_card": {"Academics": "C", "Value": "C", "Diversity": "A", "Campus": "C-", "Athletics": "C+", "Party Scene": "NG", "Professors": "C+", "Location": "A", "Dorms": "C-", "Campus Food": "C-", "Student Life": "C+", "Safety": "B+"}, "after_college": {"median_earning_6_years": "$34,900", "graduation_rate": "32%", "employment_rate": "91%"}, "students": {"full_time": "748", "part_time": "1,134", "over_25": "5%", "pell_grant": "59%", "varsity_athletes": "16%"}, "popular_majors": ["Business", "Human Services", "Liberal Arts and Humanities", "Criminal Justice and Corrections", "Early Childhood Education", "Psychology", "Fashion and Apparel Merchandising", "Medical Records Technician", "Communications", "Medical Insurance Coding"], "cost": {"net_price": "$25,229", "average_aid": "$18,014", "percentage_aid": "92%"}, "admissions": {"statistics": {"acceptance_rate": "66%", "early_decision_acceptance_rate": "", "total_applicants": "2,792", "sat_range": "730-920", "sat_reading": "370-470", "sat_math": "370-470", "sat_submission_percentage": "69%", "act_range": "15-20", "act_english": "", "act_math": "", "act_writing": "", "act_submission_percentage": "5%"}, "deadlines": {"application_deadline": "Rolling Admissions", "early_decision_deadline": "", "early_action_deadline": "", "offers_early_decision": "", "offers_early_action": "", "application_fee": "$50", "application_website": "apply.fisherfalcons.org", "accepts_common_app": "Yes", "accepts_coalition_app": "No"}, "requirements": {"gpa": "Required", "rank": "Neither required nor recommended", "transcript": "Required", "college_prep_coures": "Recommended", "sat/act": "Recommended", "recommendations": "Neither required nor recommended"}}}, "Berkeley College - New York": {"niche_report_card": {"Academics": "C-", "Value": "C", "Diversity": "A-", "Campus": "B", "Athletics": "D+", "Party Scene": "B", "Professors": "C-", "Location": "A+", "Dorms": "NG", "Campus Food": "NG", "Student Life": "B", "Safety": "A"}, "after_college": {"median_earning_6_years": "$40,800", "graduation_rate": "36%", "employment_rate": "88%"}, "students": {"full_time": "2,710", "part_time": "876", "over_25": "49%", "pell_grant": "70%", "varsity_athletes": "1%"}, "popular_majors": ["Business", "Fashion and Apparel Merchandising", "Criminal Justice and Law Enforcement Administration", "Healthcare Management", "International Business", "Police and Criminal Science", "Accounting", "Marketing", "Legal Studies", "Network, Database, and System Administration"], "cost": {"net_price": "$28,609", "average_aid": "$12,920", "percentage_aid": "95%"}, "admissions": {"statistics": {"acceptance_rate": "100%", "early_decision_acceptance_rate": "", "total_applicants": "", "sat_range": "", "sat_reading": "", "sat_math": "", "sat_submission_percentage": "", "act_range": "", "act_english": "", "act_math": "", "act_writing": "", "act_submission_percentage": ""}, "deadlines": {"application_deadline": "", "early_decision_deadline": "", "early_action_deadline": "", "offers_early_decision": "", "offers_early_action": "", "application_fee": "$50", "application_website": "berkeleycollege.edu/admissions_bc/1985.htm", "accepts_common_app": "", "accepts_coalition_app": "No"}, "requirements": {"gpa": "Neither required nor recommended", "rank": "\u2014", "transcript": "\u2014", "college_prep_coures": "\u2014", "sat/act": "Neither required nor recommended", "recommendations": "\u2014"}}}, "South College - Knoxville": {"niche_report_card": {"Academics": "C", "Value": "C-", "Diversity": "B-", "Campus": "B+", "Athletics": "NG", "Party Scene": "NG", "Professors": "C+", "Location": "B-", "Dorms": "NG", "Campus Food": "NG", "Student Life": "B", "Safety": "B+"}, "after_college": {"median_earning_6_years": "$26,700", "graduation_rate": "39%", "employment_rate": "84%"}, "students": {"full_time": "1,410", "part_time": "0", "over_25": "53%", "pell_grant": "57%", "varsity_athletes": ""}, "popular_majors": ["Nursing", "Radiologic Technician", "Physical Therapy Technician", "Medical Assistant", "Food Science", "Occupational Therapist Assistant", "Sonographer and Ultrasound Technician", "Police and Criminal Science", "Medical Laboratory Technician", "Accounting"], "cost": {"net_price": "$22,792", "average_aid": "$9,159", "percentage_aid": "79%"}, "admissions": {"statistics": {"acceptance_rate": "100%", "early_decision_acceptance_rate": "", "total_applicants": "", "sat_range": "", "sat_reading": "", "sat_math": "", "sat_submission_percentage": "", "act_range": "", "act_english": "", "act_math": "", "act_writing": "", "act_submission_percentage": ""}, "deadlines": {"application_deadline": "", "early_decision_deadline": "", "early_action_deadline": "", "offers_early_decision": "", "offers_early_action": "", "application_fee": "$50", "application_website": "southcollegetn.edu", "accepts_common_app": "", "accepts_coalition_app": "No"}, "requirements": {"gpa": "\u2014", "rank": "\u2014", "transcript": "\u2014", "college_prep_coures": "\u2014", "sat/act": "\u2014", "recommendations": "\u2014"}}}, "Lake-Sumter State College": {"niche_report_card": {"Academics": "C-", "Value": "B-", "Diversity": "B-", "Campus": "B-", "Athletics": "C", "Party Scene": "C", "Professors": "C+", "Location": "B-", "Dorms": "NG", "Campus Food": "NG", "Student Life": "C", "Safety": "A"}, "after_college": {"median_earning_6_years": "$30,900", "graduation_rate": "43%", "employment_rate": "87%"}, "students": {"full_time": "1,534", "part_time": "3,347", "over_25": "10%", "pell_grant": "41%", "varsity_athletes": "5%"}, "popular_majors": ["Liberal Arts and Humanities", "Nursing", "Business", "Information Technology", "Engineering Technician", "Child Care Provider", "Medical Records Technician", "Network, Database, and System Administration", "Criminal Justice and Law Enforcement Administration", "Early Childhood Education"], "cost": {"net_price": "$5,892", "average_aid": "$3,885", "percentage_aid": "87%"}, "admissions": {"statistics": {"acceptance_rate": "100%", "early_decision_acceptance_rate": "", "total_applicants": "", "sat_range": "", "sat_reading": "", "sat_math": "", "sat_submission_percentage": "", "act_range": "", "act_english": "", "act_math": "", "act_writing": "", "act_submission_percentage": ""}, "deadlines": {"application_deadline": "", "early_decision_deadline": "", "early_action_deadline": "", "offers_early_decision": "", "offers_early_action": "", "application_fee": "$30", "application_website": "lssc.edu/admissions/pages/apply%20online.aspx", "accepts_common_app": "", "accepts_coalition_app": "No"}, "requirements": {"gpa": "\u2014", "rank": "\u2014", "transcript": "\u2014", "college_prep_coures": "\u2014", "sat/act": "\u2014", "recommendations": "\u2014"}}}, "Pueblo Community College": {"niche_report_card": {"Academics": "C-", "Value": "C", "Diversity": "B", "Campus": "B", "Athletics": "NG", "Party Scene": "C", "Professors": "C+", "Location": "B", "Dorms": "NG", "Campus Food": "NG", "Student Life": "C+", "Safety": "A-"}, "after_college": {"median_earning_6_years": "$27,700", "graduation_rate": "19%", "employment_rate": "76%"}, "students": {"full_time": "1,986", "part_time": "4,005", "over_25": "47%", "pell_grant": "65%", "varsity_athletes": ""}, "popular_majors": ["Data Processing", "Liberal Arts and Humanities", "Information Science", "Automotive Mechanics", "Emergency Medical Technician (EMT Paramedic)", "Nursing", "Early Childhood Education", "Culinary Arts and Food Service", "Welding", "Machine and Metal Working"], "cost": {"net_price": "$15,235", "average_aid": "$5,304", "percentage_aid": "85%"}, "admissions": {"statistics": {"acceptance_rate": "100%", "early_decision_acceptance_rate": "", "total_applicants": "", "sat_range": "", "sat_reading": "", "sat_math": "", "sat_submission_percentage": "", "act_range": "", "act_english": "", "act_math": "", "act_writing": "", "act_submission_percentage": ""}, "deadlines": {"application_deadline": "", "early_decision_deadline": "", "early_action_deadline": "", "offers_early_decision": "", "offers_early_action": "", "application_fee": "$0", "application_website": "grails.cccs.edu/onlineapplication/login/auth?school=pcc", "accepts_common_app": "", "accepts_coalition_app": "No"}, "requirements": {"gpa": "\u2014", "rank": "\u2014", "transcript": "\u2014", "college_prep_coures": "\u2014", "sat/act": "\u2014", "recommendations": "\u2014"}}}, "Olympic CollegeThis college has been claimed by the college or a college representative.": {"niche_report_card": {"Academics": "C-", "Value": "C", "Diversity": "B", "Campus": "B", "Athletics": "C-", "Party Scene": "C+", "Professors": "C", "Location": "B-", "Dorms": "NG", "Campus Food": "NG", "Student Life": "B-", "Safety": "A"}, "after_college": {"median_earning_6_years": "$33,200", "graduation_rate": "21%", "employment_rate": "76%"}, "students": {"full_time": "4,112", "part_time": "2,364", "over_25": "36%", "pell_grant": "29%", "varsity_athletes": "4%"}, "popular_majors": ["Liberal Arts and Humanities", "Manufacturing Engineering Technician", "Drafting and Design (CAD/CADD)", "Business", "Welding", "Early Childhood Education", "Nursing", "Accounting Technician and Bookkeeping", "Substance Abuse and Addiction Counseling", "Mental and Social Health Services"], "cost": {"net_price": "$5,453", "average_aid": "$6,011", "percentage_aid": "48%"}, "admissions": {"statistics": {"acceptance_rate": "100%", "early_decision_acceptance_rate": "", "total_applicants": "", "sat_range": "", "sat_reading": "", "sat_math": "", "sat_submission_percentage": "", "act_range": "", "act_english": "", "act_math": "", "act_writing": "", "act_submission_percentage": ""}, "deadlines": {"application_deadline": "Rolling Admissions", "early_decision_deadline": "", "early_action_deadline": "", "offers_early_decision": "", "offers_early_action": "", "application_fee": "$0", "application_website": "public.ctc.edu/applicantwebclient/applicant/applwelcome.aspx", "accepts_common_app": "", "accepts_coalition_app": "No"}, "requirements": {"gpa": "\u2014", "rank": "\u2014", "transcript": "\u2014", "college_prep_coures": "\u2014", "sat/act": "\u2014", "recommendations": "\u2014"}}}, "Kent State University - Trumbull": {"niche_report_card": {"Academics": "C-", "Value": "C+", "Diversity": "B-", "Campus": "B", "Athletics": "NG", "Party Scene": "NG", "Professors": "C+", "Location": "C+", "Dorms": "NG", "Campus Food": "NG", "Student Life": "B-", "Safety": "A+"}, "after_college": {"median_earning_6_years": "$38,000", "graduation_rate": "20%", "employment_rate": "91%"}, "students": {"full_time": "636", "part_time": "1,641", "over_25": "19%", "pell_grant": "60%", "varsity_athletes": ""}, "popular_majors": ["Liberal Arts and Humanities", "Computer Programming", "Business", "Accounting Technician and Bookkeeping", "Criminal Justice and Safety Studies", "Paralegal", "Business Support Services", "Emergency Medical Technician (EMT Paramedic)", "Environmental Engineering Technician", "Forestry"], "cost": {"net_price": "$9,448", "average_aid": "$3,775", "percentage_aid": "93%"}, "admissions": {"statistics": {"acceptance_rate": "100%", "early_decision_acceptance_rate": "", "total_applicants": "", "sat_range": "", "sat_reading": "", "sat_math": "", "sat_submission_percentage": "", "act_range": "", "act_english": "", "act_math": "", "act_writing": "", "act_submission_percentage": ""}, "deadlines": {"application_deadline": "", "early_decision_deadline": "", "early_action_deadline": "", "offers_early_decision": "", "offers_early_action": "", "application_fee": "$40", "application_website": "kent.edu/trumbull/admissions-tuition-aid", "accepts_common_app": "", "accepts_coalition_app": "No"}, "requirements": {"gpa": "\u2014", "rank": "\u2014", "transcript": "\u2014", "college_prep_coures": "\u2014", "sat/act": "\u2014", "recommendations": "\u2014"}}}, "Rasmussen College - RockfordThis college has been claimed by the college or a college representative.": {"niche_report_card": {"Academics": "C", "Value": "C", "Diversity": "B", "Campus": "B-", "Athletics": "NG", "Party Scene": "NG", "Professors": "C", "Location": "C+", "Dorms": "NG", "Campus Food": "NG", "Student Life": "C+", "Safety": "A-"}, "after_college": {"median_earning_6_years": "$32,600", "graduation_rate": "30%", "employment_rate": "85%"}, "students": {"full_time": "934", "part_time": "740", "over_25": "67%", "pell_grant": "67%", "varsity_athletes": ""}, "popular_majors": ["Medical Assistant", "Nursing", "Business", "Medical Records Technician", "Medical Insurance Coding", "Early Childhood Education", "Pharmacy Technician", "Medical Secretary", "Healthcare Management", "Police and Criminal Science"], "cost": {"net_price": "$17,861", "average_aid": "$4,815", "percentage_aid": "84%"}, "admissions": {"statistics": {"acceptance_rate": "100%", "early_decision_acceptance_rate": "", "total_applicants": "284", "sat_range": "", "sat_reading": "", "sat_math": "", "sat_submission_percentage": "", "act_range": "", "act_english": "", "act_math": "", "act_writing": "", "act_submission_percentage": ""}, "deadlines": {"application_deadline": "", "early_decision_deadline": "", "early_action_deadline": "", "offers_early_decision": "", "offers_early_action": "", "application_fee": "$0", "application_website": "rasmussen.edu", "accepts_common_app": "", "accepts_coalition_app": "No"}, "requirements": {"gpa": "Recommended", "rank": "Neither required nor recommended", "transcript": "Recommended", "college_prep_coures": "Neither required nor recommended", "sat/act": "Recommended", "recommendations": "Neither required nor recommended"}}}, "Dean College": {"niche_report_card": {"Academics": "C", "Value": "C+", "Diversity": "A", "Campus": "C", "Athletics": "C", "Party Scene": "C", "Professors": "C-", "Location": "C", "Dorms": "C", "Campus Food": "B-", "Student Life": "C", "Safety": "B+"}, "after_college": {"median_earning_6_years": "$33,500", "graduation_rate": "42%", "employment_rate": "92%"}, "students": {"full_time": "1,101", "part_time": "200", "over_25": "1%", "pell_grant": "42%", "varsity_athletes": "26%"}, "popular_majors": ["Business", "Liberal Arts and Humanities", "Dance", "Psychology", "Arts, Entertainment, and Media Management", "Elementary Education", "Drama and Theatre Production", "Sport and Fitness Management", "Criminal Justice and Safety Studies", "Athletic Training"], "cost": {"net_price": "$31,199", "average_aid": "$22,284", "percentage_aid": "92%"}, "admissions": {"statistics": {"acceptance_rate": "86%", "early_decision_acceptance_rate": "", "total_applicants": "4,515", "sat_range": "880-1080", "sat_reading": "450-550", "sat_math": "430-530", "sat_submission_percentage": "48%", "act_range": "18-25", "act_english": "18-25", "act_math": "18-25", "act_writing": "", "act_submission_percentage": "13%"}, "deadlines": {"application_deadline": "", "early_decision_deadline": "", "early_action_deadline": "", "offers_early_decision": "", "offers_early_action": "", "application_fee": "$0", "application_website": "dean.edu/apply", "accepts_common_app": "", "accepts_coalition_app": "No"}, "requirements": {"gpa": "Required", "rank": "Considered but not required", "transcript": "Required", "college_prep_coures": "Required", "sat/act": "Considered but not required", "recommendations": "Recommended"}}}, "Concord University": {"niche_report_card": {"Academics": "C+", "Value": "C+", "Diversity": "B-", "Campus": "C+", "Athletics": "B-", "Party Scene": "C", "Professors": "C+", "Location": "C-", "Dorms": "B-", "Campus Food": "C+", "Student Life": "C-", "Safety": "B"}, "after_college": {"median_earning_6_years": "$32,300", "graduation_rate": "35%", "employment_rate": "90%"}, "students": {"full_time": "1,696", "part_time": "157", "over_25": "11%", "pell_grant": "51%", "varsity_athletes": "18%"}, "popular_majors": ["Liberal Arts and Humanities", "Business", "Elementary Education", "Biology", "High School Education", "Social Work and Youth Services", "Marketing", "Journalism", "History", "Sociology"], "cost": {"net_price": "$9,000", "average_aid": "$6,690", "percentage_aid": "99%"}, "admissions": {"statistics": {"acceptance_rate": "90%", "early_decision_acceptance_rate": "", "total_applicants": "2,507", "sat_range": "930-1110", "sat_reading": "470-560", "sat_math": "460-550", "sat_submission_percentage": "30%", "act_range": "18-23", "act_english": "17-23", "act_math": "17-22", "act_writing": "6-8", "act_submission_percentage": "80%"}, "deadlines": {"application_deadline": "", "early_decision_deadline": "", "early_action_deadline": "", "offers_early_decision": "", "offers_early_action": "", "application_fee": "$0", "application_website": "concord.edu/admissions/apply", "accepts_common_app": "", "accepts_coalition_app": "No"}, "requirements": {"gpa": "Required", "rank": "Required", "transcript": "Required", "college_prep_coures": "Recommended", "sat/act": "Required", "recommendations": "Neither required nor recommended"}}}, "Shaw University": {"niche_report_card": {"Academics": "C+", "Value": "C-", "Diversity": "A-", "Campus": "C-", "Athletics": "B+", "Party Scene": "B+", "Professors": "C+", "Location": "B+", "Dorms": "D", "Campus Food": "C+", "Student Life": "C-", "Safety": "B-"}, "after_college": {"median_earning_6_years": "$29,200", "graduation_rate": "18%", "employment_rate": "89%"}, "students": {"full_time": "1,466", "part_time": "80", "over_25": "11%", "pell_grant": "86%", "varsity_athletes": "15%"}, "popular_majors": ["Business", "Social Work and Youth Services", "Communications", "Psychology", "Kinesiology and Exercise Science", "Parks, Recreation and Leisure Studies", "Criminal Justice and Safety Studies", "Philosophy", "Sociology", "Accounting"], "cost": {"net_price": "$18,522", "average_aid": "$10,922", "percentage_aid": "99%"}, "admissions": {"statistics": {"acceptance_rate": "53%", "early_decision_acceptance_rate": "", "total_applicants": "12,060", "sat_range": "", "sat_reading": "", "sat_math": "", "sat_submission_percentage": "", "act_range": "", "act_english": "", "act_math": "", "act_writing": "", "act_submission_percentage": ""}, "deadlines": {"application_deadline": "", "early_decision_deadline": "", "early_action_deadline": "", "offers_early_decision": "", "offers_early_action": "", "application_fee": "$25", "application_website": "", "accepts_common_app": "", "accepts_coalition_app": "No"}, "requirements": {"gpa": "Required", "rank": "Recommended", "transcript": "Required", "college_prep_coures": "Recommended", "sat/act": "Recommended", "recommendations": "Required"}}}}